Entity,Code,Year,Life satisfaction in Cantril Ladder (World Happiness Report 2022)
Afghanistan,AFG,2006,3.72358989715576
Afghanistan,AFG,2007,4.40177822113037
Afghanistan,AFG,2008,4.75838088989258
Afghanistan,AFG,2009,3.83171916007996
Afghanistan,AFG,2010,3.78293752670288
Afghanistan,AFG,2011,3.57210040092468
Afghanistan,AFG,2012,3.13089561462402
Afghanistan,AFG,2013,3.98285460472107
Afghanistan,AFG,2014,4.22016859054565
Afghanistan,AFG,2015,2.66171813011169
Afghanistan,AFG,2016,2.69430327415466
Afghanistan,AFG,2017,2.37509179115295
Afghanistan,AFG,2019,2.52290010452271
Afghanistan,AFG,2020,2.40380001068115
Albania,ALB,2005,4.63425159454346
Albania,ALB,2007,5.48546981811523
Albania,ALB,2008,5.26893663406372
Albania,ALB,2009,5.86742162704468
Albania,ALB,2010,5.51012420654297
Albania,ALB,2011,4.5506477355957
Albania,ALB,2012,4.81376314163208
Albania,ALB,2013,4.60665082931519
Albania,ALB,2014,4.51110076904297
Albania,ALB,2015,4.63954830169678
Albania,ALB,2016,5.00440263748169
Albania,ALB,2017,4.9953179359436
Albania,ALB,2018,5.36490964889526
Albania,ALB,2019,5.11740016937256
Albania,ALB,2020,5.1988000869751
Algeria,DZA,2008,5.46356678009033
Algeria,DZA,2009,5.31719446182251
Algeria,DZA,2010,5.60459566116333
Algeria,DZA,2012,6.35489845275879
Algeria,DZA,2014,5.34085369110107
Algeria,DZA,2015,5.24891233444214
Algeria,DZA,2016,5.04308605194092
Algeria,DZA,2017,4.74462747573853
Algeria,DZA,2019,4.88710021972656
Algeria,DZA,2020,5.12230014801025
Angola,AGO,2009,5.5890007019043
Angola,AGO,2010,4.3602499961853
Angola,AGO,2011,3.93710684776306
Angola,AGO,2012,3.79483795166016
Argentina,ARG,2004,6.31292533874512
Argentina,ARG,2005,6.07315826416016
Argentina,ARG,2006,5.96103429794312
Argentina,ARG,2007,6.42413330078125
Argentina,ARG,2008,6.44106721878052
Argentina,ARG,2009,6.77580547332764
Argentina,ARG,2010,6.46838712692261
Argentina,ARG,2011,6.58226013183594
Argentina,ARG,2012,6.67111444473267
Argentina,ARG,2013,6.69713068008423
Argentina,ARG,2014,6.42722129821777
Argentina,ARG,2015,6.03933000564575
Argentina,ARG,2016,5.79279661178589
Argentina,ARG,2017,6.08556079864502
Argentina,ARG,2018,5.90056705474854
Argentina,ARG,2019,5.92929983139038
Argentina,ARG,2020,5.96700000762939
Armenia,ARM,2004,4.28931093215942
Armenia,ARM,2005,4.88151550292969
Armenia,ARM,2006,4.65197229385376
Armenia,ARM,2007,4.17758178710938
Armenia,ARM,2008,4.36781120300293
Armenia,ARM,2009,4.26049137115479
Armenia,ARM,2010,4.31971168518066
Armenia,ARM,2011,4.27719116210938
Armenia,ARM,2012,4.45308303833008
Armenia,ARM,2013,4.34831953048706
Armenia,ARM,2014,4.32547187805176
Armenia,ARM,2015,4.28773641586304
Armenia,ARM,2016,5.06244850158691
Armenia,ARM,2017,5.48808670043945
Armenia,ARM,2019,5.28259992599487
Armenia,ARM,2020,5.39860010147095
Australia,AUS,2003,7.34068822860718
Australia,AUS,2005,7.28539085388184
Australia,AUS,2006,7.25375747680664
Australia,AUS,2008,7.4500470161438
Australia,AUS,2009,7.40561628341675
Australia,AUS,2010,7.19558572769165
Australia,AUS,2011,7.36416912078857
Australia,AUS,2012,7.28855037689209
Australia,AUS,2013,7.30906057357788
Australia,AUS,2014,7.25008010864258
Australia,AUS,2015,7.25703763961792
Australia,AUS,2016,7.17699337005615
Australia,AUS,2017,7.23399496078491
Australia,AUS,2018,7.13736772537231
Australia,AUS,2019,7.18349981307983
Australia,AUS,2020,7.16209983825684
Austria,AUT,2004,7.12221145629883
Austria,AUT,2006,7.18095397949219
Austria,AUT,2008,7.30267858505249
Austria,AUT,2009,7.47051286697388
Austria,AUT,2010,7.40068864822388
Austria,AUT,2011,7.49880266189575
Austria,AUT,2012,6.94999980926514
Austria,AUT,2013,7.07644701004028
Austria,AUT,2014,7.04807186126709
Austria,AUT,2015,7.29372787475586
Austria,AUT,2016,7.3960018157959
Austria,AUT,2017,7.19536113739014
Austria,AUT,2018,7.21348905563354
Austria,AUT,2019,7.26779985427856
Austria,AUT,2020,7.16300010681152
Azerbaijan,AZE,2004,4.72787094116211
Azerbaijan,AZE,2005,4.56815958023071
Azerbaijan,AZE,2006,4.81718921661377
Azerbaijan,AZE,2007,4.57372522354126
Azerbaijan,AZE,2008,4.2186107635498
Azerbaijan,AZE,2009,4.68046951293945
Azerbaijan,AZE,2010,4.91077184677124
Azerbaijan,AZE,2011,5.48117828369141
Azerbaijan,AZE,2012,5.25153017044067
Azerbaijan,AZE,2013,5.14677476882935
Azerbaijan,AZE,2014,5.30389499664307
Azerbaijan,AZE,2015,5.15227937698364
Azerbaijan,AZE,2016,5.16799545288086
Azerbaijan,AZE,2017,5.17338943481445
Azerbaijan,AZE,2019,5.17080020904541
Azerbaijan,AZE,2020,5.17339992523193
Bahrain,BHR,2007,5.70052337646484
Bahrain,BHR,2008,5.9368691444397
Bahrain,BHR,2009,4.82397603988647
Bahrain,BHR,2010,5.02718687057495
Bahrain,BHR,2011,6.68971109390259
Bahrain,BHR,2012,6.16513395309448
Bahrain,BHR,2013,6.00737524032593
Bahrain,BHR,2014,6.16967344284058
Bahrain,BHR,2015,6.22732067108154
Bahrain,BHR,2017,7.09801244735718
Bahrain,BHR,2018,6.17317581176758
Bahrain,BHR,2019,6.64690017700195
Bahrain,BHR,2020,6.64690017700195
Bangladesh,BGD,2004,4.31890916824341
Bangladesh,BGD,2005,4.60732221603394
Bangladesh,BGD,2006,5.05227851867676
Bangladesh,BGD,2007,5.08285140991211
Bangladesh,BGD,2008,4.85848140716553
Bangladesh,BGD,2009,4.98564910888672
Bangladesh,BGD,2010,4.7244439125061
Bangladesh,BGD,2011,4.66016101837158
Bangladesh,BGD,2012,4.63556480407715
Bangladesh,BGD,2013,4.63347387313843
Bangladesh,BGD,2014,4.5561408996582
Bangladesh,BGD,2015,4.3097710609436
Bangladesh,BGD,2016,4.49921703338623
Bangladesh,BGD,2017,5.11421680450439
Bangladesh,BGD,2018,5.27998685836792
Bangladesh,BGD,2019,5.0246000289917
Bangladesh,BGD,2020,5.15549993515015
Belarus,BLR,2004,5.65764999389648
Belarus,BLR,2005,5.61697626113892
Belarus,BLR,2006,5.4633321762085
Belarus,BLR,2007,5.56413125991821
Belarus,BLR,2008,5.52592325210571
Belarus,BLR,2009,5.22530794143677
Belarus,BLR,2010,5.74904346466064
Belarus,BLR,2011,5.87646627426147
Belarus,BLR,2012,5.81240081787109
Belarus,BLR,2013,5.71890783309937
Belarus,BLR,2014,5.17789936065674
Belarus,BLR,2015,5.55291509628296
Belarus,BLR,2016,5.23376989364624
Belarus,BLR,2017,5.82145309448242
Belarus,BLR,2019,5.53350019454956
Belarus,BLR,2020,5.82149982452393
Belgium,BEL,2003,7.26229047775269
Belgium,BEL,2005,7.21883964538574
Belgium,BEL,2006,7.11659097671509
Belgium,BEL,2008,6.85351419448853
Belgium,BEL,2009,7.11136388778687
Belgium,BEL,2010,6.93512201309204
Belgium,BEL,2011,7.10366106033325
Belgium,BEL,2012,6.85532903671265
Belgium,BEL,2013,6.90421915054321
Belgium,BEL,2014,6.94893646240234
Belgium,BEL,2015,6.92834758758545
Belgium,BEL,2016,6.89217185974121
Belgium,BEL,2017,6.7721381187439
Belgium,BEL,2018,6.83876085281372
Belgium,BEL,2019,6.83400011062622
Belgium,BEL,2020,6.80499982833862
Belize,BLZ,2005,6.45064449310303
Belize,BLZ,2012,5.95564651489258
Benin,BEN,2004,3.32980155944824
Benin,BEN,2006,3.66713953018188
Benin,BEN,2009,3.87027955055237
Benin,BEN,2010,3.19346880912781
Benin,BEN,2011,3.47941279411316
Benin,BEN,2012,3.34741926193237
Benin,BEN,2013,3.62466430664062
Benin,BEN,2014,4.00735759735107
Benin,BEN,2015,4.85318088531494
Benin,BEN,2016,5.81982707977295
Benin,BEN,2017,4.97636079788208
Benin,BEN,2018,4.40774583816528
Benin,BEN,2019,5.04519987106323
Benin,BEN,2020,4.62319993972778
Bhutan,BTN,2011,5.569091796875
Bhutan,BTN,2012,4.9385781288147
Bhutan,BTN,2013,5.08212852478027
Bolivia,BOL,2004,5.37398624420166
Bolivia,BOL,2005,5.62841939926147
Bolivia,BOL,2006,5.29787254333496
Bolivia,BOL,2007,6.08557939529419
Bolivia,BOL,2008,5.78062009811401
Bolivia,BOL,2009,5.77887439727783
Bolivia,BOL,2010,6.0188946723938
Bolivia,BOL,2011,5.76742887496948
Bolivia,BOL,2012,5.8647985458374
Bolivia,BOL,2013,5.83432912826538
Bolivia,BOL,2014,5.76972341537476
Bolivia,BOL,2015,5.65055274963379
Bolivia,BOL,2016,5.91573429107666
Bolivia,BOL,2017,5.67427062988281
Bolivia,BOL,2018,5.55925893783569
Bolivia,BOL,2019,5.71589994430542
Bolivia,BOL,2020,5.60029983520508
Bosnia and Herzegovina,BIH,2005,4.89980697631836
Bosnia and Herzegovina,BIH,2007,4.96347713470459
Bosnia and Herzegovina,BIH,2008,4.66851758956909
Bosnia and Herzegovina,BIH,2009,4.99467086791992
Bosnia and Herzegovina,BIH,2010,4.77314472198486
Bosnia and Herzegovina,BIH,2011,5.12366437911987
Bosnia and Herzegovina,BIH,2012,5.24895429611206
Bosnia and Herzegovina,BIH,2013,5.11717796325684
Bosnia and Herzegovina,BIH,2014,5.18086528778076
Bosnia and Herzegovina,BIH,2015,5.08990240097046
Bosnia and Herzegovina,BIH,2016,5.88740110397339
Bosnia and Herzegovina,BIH,2017,6.01552248001099
Bosnia and Herzegovina,BIH,2018,5.51581621170044
Bosnia and Herzegovina,BIH,2019,5.81309986114502
Bosnia and Herzegovina,BIH,2020,5.76800012588501
Botswana,BWA,2004,4.73936700820923
Botswana,BWA,2006,5.45114707946777
Botswana,BWA,2008,3.55302023887634
Botswana,BWA,2009,3.51992106437683
Botswana,BWA,2010,4.83593893051147
Botswana,BWA,2011,4.12829875946045
Botswana,BWA,2012,4.03119707107544
Botswana,BWA,2013,3.76196479797363
Botswana,BWA,2014,3.49893665313721
Botswana,BWA,2015,3.50488114356995
Botswana,BWA,2016,3.46136569976807
Botswana,BWA,2017,3.47108483314514
Botswana,BWA,2019,3.46650004386902
Botswana,BWA,2020,3.4711000919342
Brazil,BRA,2003,6.6367712020874
Brazil,BRA,2005,6.3206729888916
Brazil,BRA,2006,6.69142484664917
Brazil,BRA,2007,7.00083160400391
Brazil,BRA,2008,6.83733129501343
Brazil,BRA,2009,7.03781652450562
Brazil,BRA,2010,6.66000366210938
Brazil,BRA,2011,7.14028263092041
Brazil,BRA,2012,6.98099899291992
Brazil,BRA,2013,6.54689693450928
Brazil,BRA,2014,6.37481737136841
Brazil,BRA,2015,6.3329291343689
Brazil,BRA,2016,6.19092178344727
Brazil,BRA,2017,6.45114898681641
Brazil,BRA,2018,6.10971784591675
Brazil,BRA,2019,6.33010005950928
Brazil,BRA,2020,6.292799949646
Bulgaria,BGR,2005,3.8437979221344
Bulgaria,BGR,2008,3.91227626800537
Bulgaria,BGR,2009,3.87538242340088
Bulgaria,BGR,2010,4.22229719161987
Bulgaria,BGR,2011,3.99302053451538
Bulgaria,BGR,2012,4.43843984603882
Bulgaria,BGR,2013,4.86540126800537
Bulgaria,BGR,2014,4.83756065368652
Bulgaria,BGR,2015,5.09690189361572
Bulgaria,BGR,2016,5.09881353378296
Bulgaria,BGR,2017,5.10843801498413
Bulgaria,BGR,2018,5.59772300720215
Bulgaria,BGR,2019,5.26550006866455
Bulgaria,BGR,2020,5.37090015411377
Burkina Faso,BFA,2004,3.80149078369141
Burkina Faso,BFA,2005,4.01713037490845
Burkina Faso,BFA,2006,3.84643888473511
Burkina Faso,BFA,2008,4.03556060791016
Burkina Faso,BFA,2009,4.78536748886108
Burkina Faso,BFA,2010,3.95500802993774
Burkina Faso,BFA,2011,3.32594966888428
Burkina Faso,BFA,2012,3.48134779930115
Burkina Faso,BFA,2013,4.41893005371094
Burkina Faso,BFA,2014,4.20563459396362
Burkina Faso,BFA,2015,4.64689111709595
Burkina Faso,BFA,2016,4.92723608016968
Burkina Faso,BFA,2017,4.74089288711548
Burkina Faso,BFA,2019,4.83379983901978
Burkina Faso,BFA,2020,4.67049980163574
Burundi,BDI,2006,3.56322765350342
Burundi,BDI,2007,3.79168081283569
Burundi,BDI,2009,3.70589423179626
Burundi,BDI,2012,2.90453505516052
Burundi,BDI,2016,3.77528309822083
Burundi,BDI,2019,3.77530002593994
Cambodia,KHM,2004,3.56874465942383
Cambodia,KHM,2005,4.15597105026245
Cambodia,KHM,2006,4.4621639251709
Cambodia,KHM,2007,4.11062574386597
Cambodia,KHM,2008,4.14107227325439
Cambodia,KHM,2009,4.16122531890869
Cambodia,KHM,2010,3.89870691299438
Cambodia,KHM,2011,3.67446684837341
Cambodia,KHM,2012,3.88330554962158
Cambodia,KHM,2013,4.16216468811035
Cambodia,KHM,2014,4.46125936508179
Cambodia,KHM,2015,4.58584213256836
Cambodia,KHM,2016,5.1218376159668
Cambodia,KHM,2017,4.99828481674194
Cambodia,KHM,2018,4.3769850730896
Cambodia,KHM,2019,4.83039999008179
Cambodia,KHM,2020,4.64029979705811
Cameroon,CMR,2004,3.85107207298279
Cameroon,CMR,2005,4.34993934631348
Cameroon,CMR,2006,4.2918004989624
Cameroon,CMR,2007,4.7414083480835
Cameroon,CMR,2008,4.55425691604614
Cameroon,CMR,2009,4.43388509750366
Cameroon,CMR,2010,4.24463415145874
Cameroon,CMR,2011,4.27103805541992
Cameroon,CMR,2012,4.24044132232666
Cameroon,CMR,2013,5.03796482086182
Cameroon,CMR,2014,4.81623220443726
Cameroon,CMR,2015,5.07405138015747
Cameroon,CMR,2016,5.25073766708374
Cameroon,CMR,2017,4.93673753738403
Cameroon,CMR,2018,5.24107789993286
Cameroon,CMR,2019,5.14179992675781
Cameroon,CMR,2020,5.04759979248047
Canada,CAN,2003,7.41804838180542
Canada,CAN,2005,7.48175287246704
Canada,CAN,2006,7.48560380935669
Canada,CAN,2007,7.48782444000244
Canada,CAN,2008,7.65034627914429
Canada,CAN,2009,7.42605352401733
Canada,CAN,2010,7.41514444351196
Canada,CAN,2011,7.59379386901855
Canada,CAN,2012,7.30425786972046
Canada,CAN,2013,7.41277265548706
Canada,CAN,2014,7.24484586715698
Canada,CAN,2015,7.41486835479736
Canada,CAN,2016,7.17549657821655
Canada,CAN,2017,7.10907649993896
Canada,CAN,2018,7.02490472793579
Canada,CAN,2019,7.10330009460449
Canada,CAN,2020,7.02510023117065
Central African Republic,CAF,2005,4.16012954711914
Central African Republic,CAF,2008,3.56789255142212
Central African Republic,CAF,2009,3.67782640457153
Central African Republic,CAF,2014,2.69306111335754
Central African Republic,CAF,2015,3.4758620262146
Chad,TCD,2004,3.43480062484741
Chad,TCD,2005,4.14132690429688
Chad,TCD,2006,4.63246822357178
Chad,TCD,2007,3.63944506645203
Chad,TCD,2008,3.74287104606628
Chad,TCD,2009,4.39348220825195
Chad,TCD,2010,4.03297472000122
Chad,TCD,2011,3.5076630115509
Chad,TCD,2012,3.46018290519714
Chad,TCD,2013,4.3226752281189
Chad,TCD,2014,4.02935028076172
Chad,TCD,2015,4.55893707275391
Chad,TCD,2016,4.48632526397705
Chad,TCD,2017,4.25079917907715
Chad,TCD,2019,4.35540008544922
Chad,TCD,2020,4.25080013275146
Chile,CHL,2004,6.06285190582275
Chile,CHL,2005,5.69792985916138
Chile,CHL,2006,5.78943872451782
Chile,CHL,2007,6.49368619918823
Chile,CHL,2008,6.63565587997437
Chile,CHL,2009,6.52633476257324
Chile,CHL,2010,6.59912872314453
Chile,CHL,2011,6.74015378952026
Chile,CHL,2012,6.84423828125
Chile,CHL,2013,6.53274965286255
Chile,CHL,2014,6.57905626296997
Chile,CHL,2015,6.32011938095093
Chile,CHL,2016,6.43622064590454
Chile,CHL,2017,5.94225025177002
Chile,CHL,2018,6.15064287185669
Chile,CHL,2019,6.17189979553223
Chile,CHL,2020,6.17180013656616
China,CHN,2004,4.56049537658691
China,CHN,2005,4.86286211013794
China,CHN,2006,4.84629487991333
China,CHN,2007,4.45436096191406
China,CHN,2008,4.65273666381836
China,CHN,2009,5.03720760345459
China,CHN,2010,5.09491729736328
China,CHN,2011,5.24109029769897
China,CHN,2012,5.19561910629272
China,CHN,2013,5.30387783050537
China,CHN,2014,5.32495594024658
China,CHN,2015,5.09906148910522
China,CHN,2016,5.13143396377563
China,CHN,2017,5.14412021636963
China,CHN,2018,5.77106475830078
China,CHN,2019,5.3390998840332
China,CHN,2020,5.58529996871948
Colombia,COL,2004,6.02494287490845
Colombia,COL,2005,6.13841152191162
Colombia,COL,2006,6.16839504241943
Colombia,COL,2007,6.27160453796387
Colombia,COL,2008,6.40811347961426
Colombia,COL,2009,6.46395254135132
Colombia,COL,2010,6.37487983703613
Colombia,COL,2011,6.60655069351196
Colombia,COL,2012,6.44878911972046
Colombia,COL,2013,6.38757181167603
Colombia,COL,2014,6.23371505737305
Colombia,COL,2015,6.15734195709229
Colombia,COL,2016,5.98351240158081
Colombia,COL,2017,6.35029792785645
Colombia,COL,2018,5.70917510986328
Colombia,COL,2019,6.01240015029907
Colombia,COL,2020,5.78060007095337
Comoros,COM,2007,3.47602725028992
Comoros,COM,2008,3.81219100952148
Comoros,COM,2009,3.83848595619202
Comoros,COM,2010,3.95564031600952
Comoros,COM,2016,3.97281956672668
Comoros,COM,2017,4.6086163520813
Comoros,COM,2019,4.28859996795654
Comoros,COM,2020,4.60860013961792
Congo,COG,2006,3.8197922706604
Congo,COG,2009,4.50982427597046
Congo,COG,2010,3.91934180259705
Congo,COG,2011,3.95495057106018
Congo,COG,2012,4.05601263046265
Congo,COG,2013,4.69083023071289
Congo,COG,2014,4.11949348449707
Congo,COG,2015,4.88399124145508
Congo,COG,2016,5.49021434783936
Congo,COG,2017,5.21262264251709
Congo,COG,2019,5.34170007705688
Congo,COG,2020,5.07520008087158
Costa Rica,CRI,2004,7.08246517181396
Costa Rica,CRI,2005,7.43213224411011
Costa Rica,CRI,2006,6.85067987442017
Costa Rica,CRI,2007,7.61492872238159
Costa Rica,CRI,2008,7.27105379104614
Costa Rica,CRI,2009,7.22888851165771
Costa Rica,CRI,2010,7.27225017547607
Costa Rica,CRI,2011,7.15800046920776
Costa Rica,CRI,2012,7.24708604812622
Costa Rica,CRI,2013,6.85400438308716
Costa Rica,CRI,2014,7.13561773300171
Costa Rica,CRI,2015,7.22518157958984
Costa Rica,CRI,2016,7.14107465744019
Costa Rica,CRI,2017,6.99761867523193
Costa Rica,CRI,2019,7.0693998336792
Costa Rica,CRI,2020,6.58199977874756
Cote d'Ivoire,CIV,2007,4.19718170166016
Cote d'Ivoire,CIV,2011,3.73936557769775
Cote d'Ivoire,CIV,2012,3.57036852836609
Cote d'Ivoire,CIV,2013,4.44503879547119
Cote d'Ivoire,CIV,2014,4.54254579544067
Cote d'Ivoire,CIV,2015,5.03773498535156
Cote d'Ivoire,CIV,2016,5.26837491989136
Cote d'Ivoire,CIV,2017,5.39201211929321
Cote d'Ivoire,CIV,2018,5.25650358200073
Cote d'Ivoire,CIV,2019,5.30600023269653
Cote d'Ivoire,CIV,2020,5.23460006713867
Croatia,HRV,2005,5.82090759277344
Croatia,HRV,2007,5.43331956863403
Croatia,HRV,2008,5.5955753326416
Croatia,HRV,2009,5.38537263870239
Croatia,HRV,2010,6.0276346206665
Croatia,HRV,2011,5.88546276092529
Croatia,HRV,2012,5.38069248199463
Croatia,HRV,2013,5.20543813705444
Croatia,HRV,2014,5.41687536239624
Croatia,HRV,2015,5.3431658744812
Croatia,HRV,2016,5.53627109527588
Croatia,HRV,2017,5.6257438659668
Croatia,HRV,2018,6.50799226760864
Croatia,HRV,2019,5.88170003890991
Croatia,HRV,2020,6.12519979476929
Cuba,CUB,2004,5.41786861419678
Cyprus,CYP,2004,6.2379584312439
Cyprus,CYP,2007,6.83347749710083
Cyprus,CYP,2008,6.38654613494873
Cyprus,CYP,2009,6.68960857391357
Cyprus,CYP,2010,6.18050718307495
Cyprus,CYP,2011,5.43895244598389
Cyprus,CYP,2012,5.62712383270264
Cyprus,CYP,2013,5.43916130065918
Cyprus,CYP,2014,5.79461860656738
Cyprus,CYP,2015,6.06205129623413
Cyprus,CYP,2016,6.27644300460815
Cyprus,CYP,2017,6.13683271408081
Cyprus,CYP,2018,6.25981044769287
Cyprus,CYP,2019,6.22349977493286
Cyprus,CYP,2020,6.22090005874634
Czechia,CZE,2003,6.43925666809082
Czechia,CZE,2005,6.50019407272339
Czechia,CZE,2008,6.24961757659912
Czechia,CZE,2009,6.33149099349976
Czechia,CZE,2010,6.33414936065674
Czechia,CZE,2011,6.69765567779541
Czechia,CZE,2012,6.48372983932495
Czechia,CZE,2013,6.6080174446106
Czechia,CZE,2014,6.73562717437744
Czechia,CZE,2015,6.7895679473877
Czechia,CZE,2016,7.03416538238525
Czechia,CZE,2018,6.89709138870239
Czechia,CZE,2019,6.96470022201538
Czechia,CZE,2020,6.9197998046875
Democratic Republic of Congo,COD,2007,3.98384857177734
Democratic Republic of Congo,COD,2009,4.51696395874023
Democratic Republic of Congo,COD,2010,4.63922739028931
Democratic Republic of Congo,COD,2011,4.49747705459595
Democratic Republic of Congo,COD,2012,4.41429996490479
Democratic Republic of Congo,COD,2013,3.90274167060852
Democratic Republic of Congo,COD,2014,4.52193546295166
Democratic Republic of Congo,COD,2015,4.31103324890137
Denmark,DNK,2003,8.01893424987793
Denmark,DNK,2005,7.83423328399658
Denmark,DNK,2006,7.97089195251465
Denmark,DNK,2007,7.68335866928101
Denmark,DNK,2008,7.77051544189453
Denmark,DNK,2009,7.78823184967041
Denmark,DNK,2010,7.51990938186646
Denmark,DNK,2011,7.58860683441162
Denmark,DNK,2012,7.50755929946899
Denmark,DNK,2013,7.5144248008728
Denmark,DNK,2014,7.5577826499939
Denmark,DNK,2015,7.59370231628418
Denmark,DNK,2016,7.64878559112549
Denmark,DNK,2017,7.69300317764282
Denmark,DNK,2018,7.5146312713623
Denmark,DNK,2019,7.61950016021729
Denmark,DNK,2020,7.63619995117188
Djibouti,DJI,2006,5.00933027267456
Djibouti,DJI,2007,4.90592527389526
Djibouti,DJI,2008,5.00581073760986
Djibouti,DJI,2009,4.36919355392456
Dominican Republic,DOM,2004,5.08796787261963
Dominican Republic,DOM,2005,5.08130598068237
Dominican Republic,DOM,2006,4.8423056602478
Dominican Republic,DOM,2007,5.43161392211914
Dominican Republic,DOM,2008,4.73502111434937
Dominican Republic,DOM,2009,5.39653539657593
Dominican Republic,DOM,2010,4.75331115722656
Dominican Republic,DOM,2011,5.01551532745361
Dominican Republic,DOM,2012,5.38733196258545
Dominican Republic,DOM,2013,5.06186246871948
Dominican Republic,DOM,2014,5.23869848251343
Dominican Republic,DOM,2015,5.60520267486572
Dominican Republic,DOM,2016,5.43321561813354
Dominican Republic,DOM,2017,6.00423717498779
Dominican Republic,DOM,2018,5.16840982437134
Dominican Republic,DOM,2019,5.54510021209717
Dominican Republic,DOM,2020,5.7371997833252
Ecuador,ECU,2004,5.02419137954712
Ecuador,ECU,2005,4.99587535858154
Ecuador,ECU,2006,5.29651308059692
Ecuador,ECU,2007,6.02180337905884
Ecuador,ECU,2008,5.83805131912231
Ecuador,ECU,2009,5.79508829116821
Ecuador,ECU,2010,5.96071624755859
Ecuador,ECU,2011,6.01920604705811
Ecuador,ECU,2012,5.94585180282593
Ecuador,ECU,2013,5.96407508850098
Ecuador,ECU,2014,6.11543750762939
Ecuador,ECU,2015,5.83951854705811
Ecuador,ECU,2016,6.12801027297974
Ecuador,ECU,2017,5.80913114547729
Ecuador,ECU,2018,5.35446166992188
Ecuador,ECU,2019,5.76399993896484
Ecuador,ECU,2020,5.53329992294312
Egypt,EGY,2003,5.16775417327881
Egypt,EGY,2005,5.54051065444946
Egypt,EGY,2006,4.63174104690552
Egypt,EGY,2007,5.06616449356079
Egypt,EGY,2008,4.66891622543335
Egypt,EGY,2009,4.17415857315063
Egypt,EGY,2010,4.20415687561035
Egypt,EGY,2011,3.55852031707764
Egypt,EGY,2012,4.88507270812988
Egypt,EGY,2013,4.76253843307495
Egypt,EGY,2014,4.55674076080322
Egypt,EGY,2015,3.92934417724609
Egypt,EGY,2016,4.00545072555542
Egypt,EGY,2017,4.32783174514771
Egypt,EGY,2018,4.47239685058594
Egypt,EGY,2019,4.2827000617981
Egypt,EGY,2020,4.28770017623901
El Salvador,SLV,2004,5.70092964172363
El Salvador,SLV,2005,5.29553508758545
El Salvador,SLV,2006,5.19149398803711
El Salvador,SLV,2007,6.83908700942993
El Salvador,SLV,2008,6.73991107940674
El Salvador,SLV,2009,4.74129486083984
El Salvador,SLV,2010,5.93437147140503
El Salvador,SLV,2011,6.32506322860718
El Salvador,SLV,2012,5.85652351379395
El Salvador,SLV,2013,6.01849603652954
El Salvador,SLV,2014,6.13982486724854
El Salvador,SLV,2015,6.33931827545166
El Salvador,SLV,2016,6.2411994934082
El Salvador,SLV,2017,6.45482063293457
El Salvador,SLV,2018,5.46192693710327
El Salvador,SLV,2019,6.0605001449585
El Salvador,SLV,2020,6.11999988555908
Estonia,EST,2004,5.37105464935303
Estonia,EST,2005,5.33204412460327
Estonia,EST,2006,5.45193767547607
Estonia,EST,2007,5.1377387046814
Estonia,EST,2009,5.48681974411011
Estonia,EST,2010,5.36392784118652
Estonia,EST,2011,5.36744594573975
Estonia,EST,2012,5.55598258972168
Estonia,EST,2013,5.62890863418579
Estonia,EST,2014,5.6496753692627
Estonia,EST,2015,5.93839597702026
Estonia,EST,2016,6.09130239486694
Estonia,EST,2017,6.03464126586914
Estonia,EST,2018,6.45256376266479
Estonia,EST,2019,6.18879985809326
Estonia,EST,2020,6.3407998085022
Eswatini,SWZ,2009,4.86709117889404
Eswatini,SWZ,2016,4.2115650177002
Eswatini,SWZ,2017,4.39611482620239
Eswatini,SWZ,2019,4.30810022354126
Eswatini,SWZ,2020,4.39610004425049
Ethiopia,ETH,2010,4.5611686706543
Ethiopia,ETH,2011,4.44482707977295
Ethiopia,ETH,2012,4.50664663314819
Ethiopia,ETH,2013,4.57315492630005
Ethiopia,ETH,2014,4.29784870147705
Ethiopia,ETH,2015,4.18031549453735
Ethiopia,ETH,2016,4.37926244735718
Ethiopia,ETH,2017,4.09955501556396
Ethiopia,ETH,2018,4.54921960830688
Ethiopia,ETH,2019,4.27470016479492
Ethiopia,ETH,2020,4.24149990081787
Finland,FIN,2004,7.67244911193848
Finland,FIN,2006,7.67062664031982
Finland,FIN,2008,7.39326429367065
Finland,FIN,2009,7.35422515869141
Finland,FIN,2010,7.4202094078064
Finland,FIN,2011,7.44463586807251
Finland,FIN,2012,7.38457107543945
Finland,FIN,2013,7.44792556762695
Finland,FIN,2014,7.65984344482422
Finland,FIN,2015,7.78825187683105
Finland,FIN,2016,7.85810708999634
Finland,FIN,2017,7.78034782409668
Finland,FIN,2018,7.88934993743896
Finland,FIN,2019,7.84210014343262
Finland,FIN,2020,7.82100009918213
France,FRA,2003,7.09339284896851
France,FRA,2004,6.58270025253296
France,FRA,2006,7.00806474685669
France,FRA,2007,6.28349828720093
France,FRA,2008,6.79790115356445
France,FRA,2009,6.9591851234436
France,FRA,2010,6.64936542510986
France,FRA,2011,6.66712141036987
France,FRA,2012,6.46686792373657
France,FRA,2013,6.35762500762939
France,FRA,2014,6.47520875930786
France,FRA,2015,6.63522243499756
France,FRA,2016,6.66590356826782
France,FRA,2017,6.68964433670044
France,FRA,2018,6.71411180496216
France,FRA,2019,6.68989992141724
France,FRA,2020,6.68669986724854
Gabon,GAB,2009,4.25540065765381
Gabon,GAB,2010,3.97205924987793
Gabon,GAB,2011,3.80028700828552
Gabon,GAB,2012,3.91807317733765
Gabon,GAB,2013,4.66101264953613
Gabon,GAB,2014,4.83176422119141
Gabon,GAB,2015,4.78238296508789
Gabon,GAB,2016,4.78300905227661
Gabon,GAB,2017,4.91439342498779
Gabon,GAB,2019,4.85179996490479
Gabon,GAB,2020,4.95830011367798
Gambia,GMB,2015,4.11793899536133
Gambia,GMB,2016,4.92209911346436
Gambia,GMB,2017,5.16362714767456
Gambia,GMB,2019,5.05100011825562
Gambia,GMB,2020,5.16359996795654
Georgia,GEO,2004,3.67510843276978
Georgia,GEO,2005,3.70719456672668
Georgia,GEO,2006,4.156090259552
Georgia,GEO,2007,3.80063915252686
Georgia,GEO,2008,4.10183715820312
Georgia,GEO,2009,4.20303058624268
Georgia,GEO,2010,4.25444555282593
Georgia,GEO,2011,4.34892082214355
Georgia,GEO,2012,4.28750801086426
Georgia,GEO,2013,4.12194061279297
Georgia,GEO,2014,4.44838619232178
Georgia,GEO,2015,4.45077466964722
Georgia,GEO,2016,4.65909719467163
Georgia,GEO,2017,4.89183568954468
Georgia,GEO,2018,5.12314319610596
Georgia,GEO,2019,4.89139986038208
Georgia,GEO,2020,4.97319984436035
Germany,DEU,2003,6.61954975128174
Germany,DEU,2005,6.41681957244873
Germany,DEU,2006,6.52179002761841
Germany,DEU,2007,6.64149332046509
Germany,DEU,2008,6.72453117370605
Germany,DEU,2009,6.62131214141846
Germany,DEU,2010,6.70236206054688
Germany,DEU,2011,6.96512508392334
Germany,DEU,2012,6.98421430587769
Germany,DEU,2013,7.03713750839233
Germany,DEU,2014,6.87376308441162
Germany,DEU,2015,7.07432460784912
Germany,DEU,2016,7.11836433410645
Germany,DEU,2017,7.03547239303589
Germany,DEU,2018,7.31189775466919
Germany,DEU,2019,7.15450000762939
Germany,DEU,2020,7.03410005569458
Ghana,GHA,2004,4.53501987457275
Ghana,GHA,2005,5.22014808654785
Ghana,GHA,2006,4.9651346206665
Ghana,GHA,2007,4.1976957321167
Ghana,GHA,2008,4.60625171661377
Ghana,GHA,2009,5.60819959640503
Ghana,GHA,2010,5.05726194381714
Ghana,GHA,2011,4.96505308151245
Ghana,GHA,2012,3.86035108566284
Ghana,GHA,2013,3.98591613769531
Ghana,GHA,2014,4.51441144943237
Ghana,GHA,2015,5.48131084442139
Ghana,GHA,2016,5.00369310379028
Ghana,GHA,2017,4.96680974960327
Ghana,GHA,2018,5.31948328018188
Ghana,GHA,2019,5.08839988708496
Ghana,GHA,2020,4.87200021743774
Greece,GRC,2003,6.0063099861145
Greece,GRC,2005,6.6469612121582
Greece,GRC,2007,6.03857469558716
Greece,GRC,2008,5.83955860137939
Greece,GRC,2009,5.37203979492188
Greece,GRC,2010,5.09635400772095
Greece,GRC,2011,4.72025108337402
Greece,GRC,2012,4.7562370300293
Greece,GRC,2013,5.62251901626587
Greece,GRC,2014,5.30261945724487
Greece,GRC,2015,5.14824151992798
Greece,GRC,2016,5.40928936004639
Greece,GRC,2017,5.95215749740601
Greece,GRC,2018,5.78761577606201
Greece,GRC,2019,5.72259998321533
Greece,GRC,2020,5.94820022583008
Guatemala,GTM,2004,5.90142917633057
Guatemala,GTM,2005,6.32958126068115
Guatemala,GTM,2006,6.41449451446533
Guatemala,GTM,2007,6.45191621780396
Guatemala,GTM,2008,6.28974866867065
Guatemala,GTM,2009,5.74335384368896
Guatemala,GTM,2010,5.85571718215942
Guatemala,GTM,2011,5.98460149765015
Guatemala,GTM,2012,6.53603076934814
Guatemala,GTM,2013,6.46498680114746
Guatemala,GTM,2014,6.35891628265381
Guatemala,GTM,2015,6.32511854171753
Guatemala,GTM,2016,6.62659168243408
Guatemala,GTM,2017,6.2621750831604
Guatemala,GTM,2019,6.43450021743774
Guatemala,GTM,2020,6.26219987869263
Guinea,GIN,2009,4.04456949234009
Guinea,GIN,2010,3.65155482292175
Guinea,GIN,2011,3.90179300308228
Guinea,GIN,2012,3.41248250007629
Guinea,GIN,2013,3.50469350814819
Guinea,GIN,2014,3.60285472869873
Guinea,GIN,2015,4.87372255325317
Guinea,GIN,2016,5.25222682952881
Guinea,GIN,2017,4.76768445968628
Guinea,GIN,2019,4.98430013656616
Guinea,GIN,2020,4.89050006866455
Guyana,GUY,2005,5.99282646179199
Haiti,HTI,2004,3.7541561126709
Haiti,HTI,2006,3.84632921218872
Haiti,HTI,2008,3.76599884033203
Haiti,HTI,2009,4.84457397460938
Haiti,HTI,2010,4.41347503662109
Haiti,HTI,2011,4.62196207046509
Haiti,HTI,2012,3.88877844810486
Haiti,HTI,2013,3.56976246833801
Haiti,HTI,2014,3.35230016708374
Haiti,HTI,2015,3.82386565208435
Haiti,HTI,2016,3.61492800712585
Haiti,HTI,2019,3.6149001121521
Honduras,HND,2004,5.39651966094971
Honduras,HND,2005,5.09715414047241
Honduras,HND,2006,5.42033100128174
Honduras,HND,2007,6.03318929672241
Honduras,HND,2008,5.86613130569458
Honduras,HND,2009,4.96103143692017
Honduras,HND,2010,4.60221815109253
Honduras,HND,2011,4.7133584022522
Honduras,HND,2012,5.05572605133057
Honduras,HND,2013,4.84543657302856
Honduras,HND,2014,5.64815473556519
Honduras,HND,2015,6.01998567581177
Honduras,HND,2016,5.90842390060425
Honduras,HND,2017,5.93005132675171
Honduras,HND,2019,5.91919994354248
Honduras,HND,2020,6.02209997177124
Hong Kong,HKG,2004,5.5111870765686
Hong Kong,HKG,2006,5.13726186752319
Hong Kong,HKG,2007,5.39705562591553
Hong Kong,HKG,2008,5.64283466339111
Hong Kong,HKG,2009,5.47401094436646
Hong Kong,HKG,2010,5.4837646484375
Hong Kong,HKG,2012,5.45805072784424
Hong Kong,HKG,2014,5.49842071533203
Hong Kong,HKG,2015,5.36247491836548
Hong Kong,HKG,2017,5.65931701660156
Hong Kong,HKG,2018,5.29534149169922
Hong Kong,HKG,2019,5.47669982910156
Hong Kong,HKG,2020,5.42479991912842
Hungary,HUN,2003,5.19393348693848
Hungary,HUN,2005,4.95391702651978
Hungary,HUN,2007,4.89460039138794
Hungary,HUN,2008,4.72513246536255
Hungary,HUN,2009,4.9176025390625
Hungary,HUN,2010,4.68335819244385
Hungary,HUN,2011,4.91446685791016
Hungary,HUN,2012,5.18056344985962
Hungary,HUN,2013,5.34438323974609
Hungary,HUN,2014,5.44890165328979
Hungary,HUN,2015,6.06503868103027
Hungary,HUN,2016,5.93577098846436
Hungary,HUN,2017,6.00025987625122
Hungary,HUN,2018,6.03804969787598
Hungary,HUN,2019,5.99160003662109
Hungary,HUN,2020,6.0858998298645
Iceland,ISL,2006,6.88828420639038
Iceland,ISL,2010,7.59066009521484
Iceland,ISL,2011,7.50139427185059
Iceland,ISL,2013,7.49807071685791
Iceland,ISL,2014,7.51003456115723
Iceland,ISL,2015,7.47621393203735
Iceland,ISL,2017,7.53250455856323
Iceland,ISL,2018,7.57548952102661
Iceland,ISL,2019,7.55389976501465
Iceland,ISL,2020,7.55749988555908
India,IND,2004,5.34825897216797
India,IND,2005,5.02679347991943
India,IND,2006,5.14583301544189
India,IND,2007,4.52151775360107
India,IND,2008,4.98927736282349
India,IND,2009,4.63487148284912
India,IND,2010,4.72014665603638
India,IND,2011,4.42778873443604
India,IND,2012,4.42437934875488
India,IND,2013,4.34207916259766
India,IND,2014,4.17917728424072
India,IND,2015,4.04611110687256
India,IND,2016,3.81806874275208
India,IND,2017,3.24876976013184
India,IND,2018,4.22528123855591
India,IND,2019,3.8189001083374
India,IND,2020,3.77710008621216
Indonesia,IDN,2004,4.9469780921936
Indonesia,IDN,2005,5.10121393203735
Indonesia,IDN,2006,4.81530952453613
Indonesia,IDN,2007,5.47236108779907
Indonesia,IDN,2008,5.45729923248291
Indonesia,IDN,2009,5.17260837554932
Indonesia,IDN,2010,5.36777400970459
Indonesia,IDN,2011,5.29223775863647
Indonesia,IDN,2012,5.59737539291382
Indonesia,IDN,2013,5.042799949646
Indonesia,IDN,2014,5.13632535934448
Indonesia,IDN,2015,5.09840154647827
Indonesia,IDN,2016,5.34029579162598
Indonesia,IDN,2017,5.34651279449463
Indonesia,IDN,2019,5.34450006484985
Indonesia,IDN,2020,5.23960018157959
Iran,IRN,2003,5.30819034576416
Iran,IRN,2005,5.33637142181396
Iran,IRN,2006,5.12898826599121
Iran,IRN,2009,4.76750707626343
Iran,IRN,2010,4.60892772674561
Iran,IRN,2011,5.13957929611206
Iran,IRN,2012,4.68222427368164
Iran,IRN,2013,4.74995565414429
Iran,IRN,2014,4.65273094177246
Iran,IRN,2015,4.71678304672241
Iran,IRN,2016,4.27811765670776
Iran,IRN,2017,5.00614595413208
Iran,IRN,2018,4.8645281791687
Iran,IRN,2019,4.72119998931885
Iran,IRN,2020,4.88789987564087
Iraq,IRQ,2006,4.58984470367432
Iraq,IRQ,2007,4.77531671524048
Iraq,IRQ,2008,5.06546211242676
Iraq,IRQ,2009,4.72536611557007
Iraq,IRQ,2010,4.65950870513916
Iraq,IRQ,2011,4.72501707077026
Iraq,IRQ,2012,4.54150247573853
Iraq,IRQ,2013,4.49337720870972
Iraq,IRQ,2014,4.41253709793091
Iraq,IRQ,2015,4.46239900588989
Iraq,IRQ,2016,4.88640069961548
Iraq,IRQ,2018,4.78516530990601
Iraq,IRQ,2019,4.85410022735596
Iraq,IRQ,2020,4.94089984893799
Ireland,IRL,2004,7.14424657821655
Ireland,IRL,2006,7.56802988052368
Ireland,IRL,2007,7.04591131210327
Ireland,IRL,2008,7.25738954544067
Ireland,IRL,2009,7.00690412521362
Ireland,IRL,2010,6.96464538574219
Ireland,IRL,2011,6.760085105896
Ireland,IRL,2012,7.01837921142578
Ireland,IRL,2013,6.83012533187866
Ireland,IRL,2014,7.04073143005371
Ireland,IRL,2015,7.06015539169312
Ireland,IRL,2016,6.96233558654785
Ireland,IRL,2017,7.25484132766724
Ireland,IRL,2018,7.03493070602417
Ireland,IRL,2019,7.08529996871948
Ireland,IRL,2020,7.04080009460449
Israel,ISR,2004,7.17341709136963
Israel,ISR,2005,6.84111499786377
Israel,ISR,2006,7.26126146316528
Israel,ISR,2007,7.35297918319702
Israel,ISR,2008,7.35891628265381
Israel,ISR,2009,7.43314790725708
Israel,ISR,2010,7.1108546257019
Israel,ISR,2011,7.32056331634521
Israel,ISR,2012,7.40057039260864
Israel,ISR,2013,7.07941102981567
Israel,ISR,2014,7.159010887146
Israel,ISR,2015,7.33103609085083
Israel,ISR,2016,6.92717885971069
Israel,ISR,2017,7.33177995681763
Israel,ISR,2018,7.19492816925049
Israel,ISR,2019,7.15710020065308
Israel,ISR,2020,7.36380004882812
Italy,ITA,2003,6.85378360748291
Italy,ITA,2005,6.57441234588623
Italy,ITA,2006,6.77977418899536
Italy,ITA,2007,6.33380031585693
Italy,ITA,2008,6.35423803329468
Italy,ITA,2009,6.05708646774292
Italy,ITA,2010,5.83931398391724
Italy,ITA,2011,6.00937366485596
Italy,ITA,2012,6.0265851020813
Italy,ITA,2013,5.84768390655518
Italy,ITA,2014,5.95452404022217
Italy,ITA,2015,6.19887018203735
Italy,ITA,2016,6.51652669906616
Italy,ITA,2017,6.44541692733765
Italy,ITA,2018,6.48835611343384
Italy,ITA,2019,6.48309993743896
Italy,ITA,2020,6.46670007705688
Jamaica,JAM,2004,6.20788192749023
Jamaica,JAM,2009,5.37444639205933
Jamaica,JAM,2011,5.70888662338257
Jamaica,JAM,2012,5.31053876876831
Jamaica,JAM,2015,5.8897590637207
Jamaica,JAM,2017,6.30923891067505
Jamaica,JAM,2019,6.30919981002808
Jamaica,JAM,2020,5.84959983825684
Japan,JPN,2003,6.51581716537476
Japan,JPN,2005,6.23819780349731
Japan,JPN,2006,5.91067934036255
Japan,JPN,2007,5.84499931335449
Japan,JPN,2008,6.05675268173218
Japan,JPN,2009,6.26279354095459
Japan,JPN,2010,5.96821641921997
Japan,JPN,2011,5.95936155319214
Japan,JPN,2012,5.92262077331543
Japan,JPN,2013,5.87968444824219
Japan,JPN,2014,5.95465087890625
Japan,JPN,2015,5.9106764793396
Japan,JPN,2016,5.79357528686523
Japan,JPN,2017,5.90803909301758
Japan,JPN,2018,6.1179633140564
Japan,JPN,2019,5.94049978256226
Japan,JPN,2020,6.03889989852905
Jordan,JOR,2003,6.29466009140015
Jordan,JOR,2005,5.59805727005005
Jordan,JOR,2006,4.93005800247192
Jordan,JOR,2007,5.99985933303833
Jordan,JOR,2008,5.56994247436523
Jordan,JOR,2009,5.53932762145996
Jordan,JOR,2010,5.13199615478516
Jordan,JOR,2011,5.17195272445679
Jordan,JOR,2012,5.33302164077759
Jordan,JOR,2013,5.4045934677124
Jordan,JOR,2014,5.27128458023071
Jordan,JOR,2015,4.80808258056641
Jordan,JOR,2016,4.63893365859985
Jordan,JOR,2017,4.45254802703857
Jordan,JOR,2018,4.09399175643921
Jordan,JOR,2019,4.39459991455078
Jordan,JOR,2020,4.15210008621216
Kazakhstan,KAZ,2004,5.47594833374023
Kazakhstan,KAZ,2005,5.71855354309082
Kazakhstan,KAZ,2006,5.88641977310181
Kazakhstan,KAZ,2007,5.38256311416626
Kazakhstan,KAZ,2008,5.51428651809692
Kazakhstan,KAZ,2009,5.73566293716431
Kazakhstan,KAZ,2010,5.75946950912476
Kazakhstan,KAZ,2011,5.83548307418823
Kazakhstan,KAZ,2012,5.97009754180908
Kazakhstan,KAZ,2013,5.94999504089355
Kazakhstan,KAZ,2014,5.53355169296265
Kazakhstan,KAZ,2015,5.88235139846802
Kazakhstan,KAZ,2016,6.00763607025146
Kazakhstan,KAZ,2017,6.27226829528809
Kazakhstan,KAZ,2018,6.16826915740967
Kazakhstan,KAZ,2019,6.15180015563965
Kazakhstan,KAZ,2020,6.23409986495972
Kenya,KEN,2004,4.22323417663574
Kenya,KEN,2005,4.57565784454346
Kenya,KEN,2006,4.01527452468872
Kenya,KEN,2007,4.27043485641479
Kenya,KEN,2008,4.255859375
Kenya,KEN,2009,4.40531015396118
Kenya,KEN,2010,4.54733514785767
Kenya,KEN,2011,3.79538321495056
Kenya,KEN,2012,4.90457963943481
Kenya,KEN,2013,4.35761785507202
Kenya,KEN,2014,4.39612770080566
Kenya,KEN,2015,4.47565412521362
Kenya,KEN,2016,4.65570259094238
Kenya,KEN,2017,4.61885023117065
Kenya,KEN,2018,4.5465841293335
Kenya,KEN,2019,4.60659980773926
Kenya,KEN,2020,4.54300022125244
Kosovo,OWID_KOS,2005,5.10390615463257
Kosovo,OWID_KOS,2006,5.52165985107422
Kosovo,OWID_KOS,2007,5.891432762146
Kosovo,OWID_KOS,2008,5.17660140991211
Kosovo,OWID_KOS,2009,4.85950183868408
Kosovo,OWID_KOS,2010,5.63958835601807
Kosovo,OWID_KOS,2011,6.12575817108154
Kosovo,OWID_KOS,2012,5.00037527084351
Kosovo,OWID_KOS,2013,5.07746076583862
Kosovo,OWID_KOS,2014,5.75941228866577
Kosovo,OWID_KOS,2015,6.14919996261597
Kosovo,OWID_KOS,2016,6.39182567596436
Kosovo,OWID_KOS,2017,6.42514419555664
Kosovo,OWID_KOS,2018,6.29441404342651
Kosovo,OWID_KOS,2019,6.37200021743774
Kosovo,OWID_KOS,2020,6.45510005950928
Kuwait,KWT,2004,6.07554721832275
Kuwait,KWT,2007,6.58524608612061
Kuwait,KWT,2008,6.79815101623535
Kuwait,KWT,2009,6.37769937515259
Kuwait,KWT,2010,6.22109460830688
Kuwait,KWT,2011,6.48003101348877
Kuwait,KWT,2012,6.18013858795166
Kuwait,KWT,2013,6.14603185653687
Kuwait,KWT,2014,5.94719457626343
Kuwait,KWT,2015,6.09390544891357
Kuwait,KWT,2017,6.10611963272095
Kuwait,KWT,2019,6.10610008239746
Kuwait,KWT,2020,6.10610008239746
Kyrgyzstan,KGZ,2004,4.64139890670776
Kyrgyzstan,KGZ,2005,4.69776153564453
Kyrgyzstan,KGZ,2006,4.73658800125122
Kyrgyzstan,KGZ,2007,5.06905364990234
Kyrgyzstan,KGZ,2008,4.99641084671021
Kyrgyzstan,KGZ,2009,4.92104911804199
Kyrgyzstan,KGZ,2010,5.20778560638428
Kyrgyzstan,KGZ,2011,5.40242671966553
Kyrgyzstan,KGZ,2012,5.25219297409058
Kyrgyzstan,KGZ,2013,4.90537595748901
Kyrgyzstan,KGZ,2014,4.85653400421143
Kyrgyzstan,KGZ,2015,5.62953662872314
Kyrgyzstan,KGZ,2016,5.29738330841064
Kyrgyzstan,KGZ,2017,5.68522071838379
Kyrgyzstan,KGZ,2018,6.24958610534668
Kyrgyzstan,KGZ,2019,5.7435998916626
Kyrgyzstan,KGZ,2020,5.82849979400635
Laos,LAO,2004,5.07622575759888
Laos,LAO,2005,5.36385488510132
Laos,LAO,2006,5.04409885406494
Laos,LAO,2009,4.70374965667725
Laos,LAO,2010,4.87608480453491
Laos,LAO,2015,4.62314081192017
Laos,LAO,2016,4.85940217971802
Laos,LAO,2017,5.1968560218811
Laos,LAO,2018,5.28439092636108
Laos,LAO,2019,5.03000020980835
Laos,LAO,2020,5.14029979705811
Latvia,LVA,2004,4.70950222015381
Latvia,LVA,2005,4.6669716835022
Latvia,LVA,2006,5.14537525177002
Latvia,LVA,2007,4.66891050338745
Latvia,LVA,2009,4.9668116569519
Latvia,LVA,2010,5.12502527236938
Latvia,LVA,2011,5.06977033615112
Latvia,LVA,2012,5.72911548614502
Latvia,LVA,2013,5.88059759140015
Latvia,LVA,2014,5.94044637680054
Latvia,LVA,2015,5.97781753540039
Latvia,LVA,2016,5.90115404129028
Latvia,LVA,2017,5.96975374221802
Latvia,LVA,2018,6.22900867462158
Latvia,LVA,2019,6.03200006484985
Latvia,LVA,2020,6.18039989471436
Lebanon,LBN,2003,5.49124526977539
Lebanon,LBN,2004,4.65310382843018
Lebanon,LBN,2006,4.59485101699829
Lebanon,LBN,2007,5.20599889755249
Lebanon,LBN,2008,5.03189945220947
Lebanon,LBN,2009,5.18757152557373
Lebanon,LBN,2010,4.57256698608398
Lebanon,LBN,2011,4.98328876495361
Lebanon,LBN,2012,5.23302555084229
Lebanon,LBN,2013,5.17197132110596
Lebanon,LBN,2014,5.27072381973267
Lebanon,LBN,2015,5.15398979187012
Lebanon,LBN,2016,5.16718673706055
Lebanon,LBN,2017,4.02421951293945
Lebanon,LBN,2019,4.58379983901978
Lebanon,LBN,2020,2.95530009269714
Lesotho,LSO,2009,4.89751482009888
Lesotho,LSO,2014,3.80820488929749
Lesotho,LSO,2015,3.79530072212219
Lesotho,LSO,2017,3.51178050041199
Lesotho,LSO,2019,3.51180005073547
Lesotho,LSO,2020,3.51180005073547
Liberia,LBR,2005,3.7014012336731
Liberia,LBR,2006,4.22135400772095
Liberia,LBR,2008,4.19606304168701
Liberia,LBR,2012,4.57141923904419
Liberia,LBR,2013,2.70159125328064
Liberia,LBR,2014,3.35467600822449
Liberia,LBR,2015,4.4244909286499
Liberia,LBR,2016,4.13485288619995
Liberia,LBR,2017,5.12146091461182
Liberia,LBR,2019,4.62519979476929
Liberia,LBR,2020,5.12150001525879
Libya,LBY,2010,5.75439405441284
Libya,LBY,2013,5.61540460586548
Libya,LBY,2014,5.43358325958252
Libya,LBY,2015,5.64685249328613
Libya,LBY,2016,5.49397754669189
Libya,LBY,2017,5.33022212982178
Libya,LBY,2019,5.41029977798462
Libya,LBY,2020,5.3302001953125
Lithuania,LTU,2004,5.95444297790527
Lithuania,LTU,2005,5.80828475952148
Lithuania,LTU,2006,5.55392599105835
Lithuania,LTU,2007,5.46692085266113
Lithuania,LTU,2008,5.06582498550415
Lithuania,LTU,2009,5.43243741989136
Lithuania,LTU,2010,5.77103710174561
Lithuania,LTU,2011,5.59568929672241
Lithuania,LTU,2012,6.12572383880615
Lithuania,LTU,2013,5.71137809753418
Lithuania,LTU,2014,5.86555242538452
Lithuania,LTU,2015,6.27294063568115
Lithuania,LTU,2016,6.30887889862061
Lithuania,LTU,2017,6.06409788131714
Lithuania,LTU,2018,6.39137887954712
Lithuania,LTU,2019,6.25540018081665
Lithuania,LTU,2020,6.4456000328064
Luxembourg,LUX,2007,6.95792007446289
Luxembourg,LUX,2008,7.09725189208984
Luxembourg,LUX,2009,7.10140037536621
Luxembourg,LUX,2010,6.96409702301025
Luxembourg,LUX,2011,7.13080930709839
Luxembourg,LUX,2012,6.89112710952759
Luxembourg,LUX,2013,6.70157146453857
Luxembourg,LUX,2014,6.96734094619751
Luxembourg,LUX,2015,7.0613808631897
Luxembourg,LUX,2016,7.24263095855713
Luxembourg,LUX,2017,7.40401554107666
Luxembourg,LUX,2019,7.32439994812012
Luxembourg,LUX,2020,7.40399980545044
Madagascar,MDG,2004,3.97975134849548
Madagascar,MDG,2006,4.64007902145386
Madagascar,MDG,2009,4.38141536712646
Madagascar,MDG,2010,3.55060958862305
Madagascar,MDG,2011,3.81560707092285
Madagascar,MDG,2012,3.67562699317932
Madagascar,MDG,2013,3.59251403808594
Madagascar,MDG,2014,3.6630859375
Madagascar,MDG,2015,4.07862043380737
Madagascar,MDG,2016,4.07058668136597
Madagascar,MDG,2017,4.33908748626709
Madagascar,MDG,2019,4.20849990844727
Madagascar,MDG,2020,4.3390998840332
Malawi,MWI,2004,3.82986807823181
Malawi,MWI,2005,4.89103651046753
Malawi,MWI,2007,5.14823961257935
Malawi,MWI,2009,3.94606256484985
Malawi,MWI,2010,4.27926969528198
Malawi,MWI,2011,4.03508424758911
Malawi,MWI,2012,4.56308031082153
Malawi,MWI,2013,3.86763834953308
Malawi,MWI,2014,3.47649264335632
Malawi,MWI,2015,3.41686296463013
Malawi,MWI,2016,3.33463358879089
Malawi,MWI,2017,3.86912369728088
Malawi,MWI,2019,3.59999990463257
Malawi,MWI,2020,3.75040006637573
Malaysia,MYS,2004,6.01171684265137
Malaysia,MYS,2005,6.23890447616577
Malaysia,MYS,2006,5.80678176879883
Malaysia,MYS,2007,5.3847017288208
Malaysia,MYS,2008,5.58028173446655
Malaysia,MYS,2009,5.78636741638184
Malaysia,MYS,2010,5.91428375244141
Malaysia,MYS,2011,5.7701997756958
Malaysia,MYS,2012,5.96292161941528
Malaysia,MYS,2013,6.32212114334106
Malaysia,MYS,2016,5.33881759643555
Malaysia,MYS,2017,5.42795419692993
Malaysia,MYS,2019,5.38430023193359
Malaysia,MYS,2020,5.71129989624023
Maldives,MDV,2016,5.19757461547852
Maldives,MDV,2019,5.1975998878479
Mali,MLI,2004,4.014075756073
Mali,MLI,2006,4.11466407775879
Mali,MLI,2007,3.97659850120544
Mali,MLI,2008,3.76230502128601
Mali,MLI,2009,4.66683292388916
Mali,MLI,2010,4.31301689147949
Mali,MLI,2011,3.67627716064453
Mali,MLI,2012,3.9747142791748
Mali,MLI,2013,4.58209848403931
Mali,MLI,2014,4.01602792739868
Mali,MLI,2015,4.74185037612915
Mali,MLI,2016,4.41572952270508
Mali,MLI,2017,4.98799180984497
Mali,MLI,2019,4.72349977493286
Mali,MLI,2020,4.47900009155273
Malta,MLT,2007,6.32763957977295
Malta,MLT,2008,5.77387475967407
Malta,MLT,2009,6.15471839904785
Malta,MLT,2010,5.96287202835083
Malta,MLT,2011,6.37992477416992
Malta,MLT,2012,6.45211791992188
Malta,MLT,2013,6.61339426040649
Malta,MLT,2014,6.59084224700928
Malta,MLT,2015,6.67566585540771
Malta,MLT,2016,6.90971088409424
Malta,MLT,2017,6.73297739028931
Malta,MLT,2018,6.156822681427
Malta,MLT,2019,6.60200023651123
Malta,MLT,2020,6.44689989089966
Mauritania,MRT,2005,4.14904308319092
Mauritania,MRT,2006,4.24807500839233
Mauritania,MRT,2007,4.50043153762817
Mauritania,MRT,2008,4.7723069190979
Mauritania,MRT,2009,4.78480434417725
Mauritania,MRT,2010,4.67320394515991
Mauritania,MRT,2011,4.19901514053345
Mauritania,MRT,2012,4.4828052520752
Mauritania,MRT,2013,3.92266416549683
Mauritania,MRT,2014,4.47214937210083
Mauritania,MRT,2015,4.67815971374512
Mauritania,MRT,2016,4.31361532211304
Mauritania,MRT,2017,4.15261936187744
Mauritania,MRT,2019,4.2273998260498
Mauritania,MRT,2020,4.15259981155396
Mauritius,MUS,2009,5.47707319259644
Mauritius,MUS,2012,5.64777994155884
Mauritius,MUS,2014,5.61000347137451
Mauritius,MUS,2015,6.17411756515503
Mauritius,MUS,2016,5.88174057006836
Mauritius,MUS,2017,6.24116516113281
Mauritius,MUS,2018,6.01530027389526
Mauritius,MUS,2019,6.04899978637695
Mauritius,MUS,2020,6.07110023498535
Mexico,MEX,2003,6.58065795898438
Mexico,MEX,2005,6.52537822723389
Mexico,MEX,2006,6.82903623580933
Mexico,MEX,2007,6.96281909942627
Mexico,MEX,2008,6.8023886680603
Mexico,MEX,2009,6.90951538085938
Mexico,MEX,2010,7.32018518447876
Mexico,MEX,2011,7.44254636764526
Mexico,MEX,2012,6.67983102798462
Mexico,MEX,2013,6.23628711700439
Mexico,MEX,2014,6.82417297363281
Mexico,MEX,2015,6.41029930114746
Mexico,MEX,2016,6.54957866668701
Mexico,MEX,2017,6.43194532394409
Mexico,MEX,2018,5.96422100067139
Mexico,MEX,2019,6.31680011749268
Mexico,MEX,2020,6.12760019302368
Moldova,MDA,2004,5.1020712852478
Moldova,MDA,2005,4.77491807937622
Moldova,MDA,2006,5.50275611877441
Moldova,MDA,2007,5.55437421798706
Moldova,MDA,2008,5.5897364616394
Moldova,MDA,2009,5.7922625541687
Moldova,MDA,2010,5.9957127571106
Moldova,MDA,2011,5.75605916976929
Moldova,MDA,2012,5.91705846786499
Moldova,MDA,2013,6.01747226715088
Moldova,MDA,2014,5.57778406143188
Moldova,MDA,2015,5.32553052902222
Moldova,MDA,2016,5.6822772026062
Moldova,MDA,2017,5.80345058441162
Moldova,MDA,2018,5.81162881851196
Moldova,MDA,2019,5.76639986038208
Moldova,MDA,2020,5.8568000793457
Mongolia,MNG,2005,4.60905933380127
Mongolia,MNG,2006,4.4930100440979
Mongolia,MNG,2008,4.58552360534668
Mongolia,MNG,2009,5.03117370605469
Mongolia,MNG,2010,4.88515043258667
Mongolia,MNG,2011,4.91292810440063
Mongolia,MNG,2012,4.8248348236084
Mongolia,MNG,2013,4.98271989822388
Mongolia,MNG,2014,5.05699968338013
Mongolia,MNG,2015,5.33385038375854
Mongolia,MNG,2016,5.46462297439575
Mongolia,MNG,2017,5.56290531158447
Mongolia,MNG,2018,6.01136493682861
Mongolia,MNG,2019,5.67719984054565
Mongolia,MNG,2020,5.76070022583008
Montenegro,MNE,2005,5.1963152885437
Montenegro,MNE,2007,4.80106019973755
Montenegro,MNE,2008,5.45503044128418
Montenegro,MNE,2009,5.22311687469482
Montenegro,MNE,2010,5.21872425079346
Montenegro,MNE,2011,5.07434177398682
Montenegro,MNE,2012,5.2827205657959
Montenegro,MNE,2013,5.1249213218689
Montenegro,MNE,2014,5.30406618118286
Montenegro,MNE,2015,5.6147985458374
Montenegro,MNE,2016,5.6501898765564
Montenegro,MNE,2017,5.38602495193481
Montenegro,MNE,2018,5.72216272354126
Montenegro,MNE,2019,5.58050012588501
Montenegro,MNE,2020,5.54680013656616
Morocco,MAR,2008,4.38324737548828
Morocco,MAR,2009,5.08497285842896
Morocco,MAR,2010,4.96965646743774
Morocco,MAR,2011,5.14216041564941
Morocco,MAR,2013,5.16315698623657
Morocco,MAR,2014,5.38630723953247
Morocco,MAR,2015,5.3124828338623
Morocco,MAR,2016,4.89679193496704
Morocco,MAR,2017,5.05675172805786
Morocco,MAR,2018,4.80261754989624
Morocco,MAR,2019,4.91800022125244
Morocco,MAR,2020,5.05989980697632
Mozambique,MOZ,2004,4.59487962722778
Mozambique,MOZ,2005,4.83263492584229
Mozambique,MOZ,2006,4.65358304977417
Mozambique,MOZ,2009,4.97111177444458
Mozambique,MOZ,2013,4.54976749420166
Mozambique,MOZ,2015,4.27986335754395
Mozambique,MOZ,2016,4.65371370315552
Mozambique,MOZ,2017,4.93213272094727
Mozambique,MOZ,2019,4.79449987411499
Mozambique,MOZ,2020,5.04829978942871
Myanmar,MMR,2010,4.43893957138062
Myanmar,MMR,2011,4.1756706237793
Myanmar,MMR,2012,4.78624725341797
Myanmar,MMR,2013,4.22384643554688
Myanmar,MMR,2014,4.62311983108521
Myanmar,MMR,2015,4.15434169769287
Myanmar,MMR,2016,4.4106330871582
Myanmar,MMR,2017,4.43423748016357
Myanmar,MMR,2018,4.43136405944824
Myanmar,MMR,2019,4.42579984664917
Myanmar,MMR,2020,4.39419984817505
Namibia,NAM,2005,4.88558721542358
Namibia,NAM,2012,4.57399129867554
Namibia,NAM,2015,4.44130611419678
Namibia,NAM,2016,4.83408784866333
Namibia,NAM,2017,4.43581104278564
Namibia,NAM,2018,4.45101022720337
Namibia,NAM,2019,4.57410001754761
Namibia,NAM,2020,4.45940017700195
Nepal,NPL,2004,4.56659460067749
Nepal,NPL,2005,4.74828433990479
Nepal,NPL,2006,4.44052648544312
Nepal,NPL,2007,4.91686820983887
Nepal,NPL,2008,4.34967517852783
Nepal,NPL,2009,3.80944466590881
Nepal,NPL,2010,4.23324489593506
Nepal,NPL,2011,4.604576587677
Nepal,NPL,2012,4.97501468658447
Nepal,NPL,2013,4.81243658065796
Nepal,NPL,2014,5.0995397567749
Nepal,NPL,2015,4.73669242858887
Nepal,NPL,2016,4.9100866317749
Nepal,NPL,2017,5.4487247467041
Nepal,NPL,2019,5.26889991760254
Nepal,NPL,2020,5.37650012969971
Netherlands,NLD,2003,7.46397924423218
Netherlands,NLD,2005,7.45187950134277
Netherlands,NLD,2006,7.63101196289062
Netherlands,NLD,2008,7.50187587738037
Netherlands,NLD,2009,7.56379795074463
Netherlands,NLD,2010,7.47071552276611
Netherlands,NLD,2011,7.40655040740967
Netherlands,NLD,2012,7.32118844985962
Netherlands,NLD,2013,7.32443714141846
Netherlands,NLD,2014,7.54087734222412
Netherlands,NLD,2015,7.45896530151367
Netherlands,NLD,2016,7.4630970954895
Netherlands,NLD,2017,7.42526865005493
Netherlands,NLD,2018,7.50444793701172
Netherlands,NLD,2019,7.46400022506714
Netherlands,NLD,2020,7.4148998260498
New Zealand,NZL,2004,7.30501413345337
New Zealand,NZL,2005,7.60417318344116
New Zealand,NZL,2006,7.38117074966431
New Zealand,NZL,2008,7.22375631332397
New Zealand,NZL,2009,7.19063806533813
New Zealand,NZL,2010,7.24962997436523
New Zealand,NZL,2011,7.28015184402466
New Zealand,NZL,2012,7.30589246749878
New Zealand,NZL,2013,7.41812086105347
New Zealand,NZL,2014,7.22568798065186
New Zealand,NZL,2015,7.32718276977539
New Zealand,NZL,2016,7.370285987854
New Zealand,NZL,2017,7.20517444610596
New Zealand,NZL,2018,7.25738191604614
New Zealand,NZL,2019,7.2765998840332
New Zealand,NZL,2020,7.19980001449585
Nicaragua,NIC,2004,4.4601583480835
Nicaragua,NIC,2005,4.94409084320068
Nicaragua,NIC,2006,5.10382747650146
Nicaragua,NIC,2007,5.35280466079712
Nicaragua,NIC,2008,5.68669939041138
Nicaragua,NIC,2009,5.38570547103882
Nicaragua,NIC,2010,5.44800615310669
Nicaragua,NIC,2011,5.7722749710083
Nicaragua,NIC,2012,6.27526664733887
Nicaragua,NIC,2013,5.92411279678345
Nicaragua,NIC,2014,6.01273965835571
Nicaragua,NIC,2015,6.47635650634766
Nicaragua,NIC,2016,5.8189525604248
Nicaragua,NIC,2017,6.11254501342773
Nicaragua,NIC,2019,5.97209978103638
Nicaragua,NIC,2020,6.16459989547729
Niger,NER,2004,3.73695182800293
Niger,NER,2005,4.27740240097046
Niger,NER,2006,4.23565721511841
Niger,NER,2007,4.26716995239258
Niger,NER,2008,4.1010160446167
Niger,NER,2009,4.5558295249939
Niger,NER,2010,3.79808831214905
Niger,NER,2011,3.71632981300354
Niger,NER,2012,4.18094348907471
Niger,NER,2013,3.67145371437073
Niger,NER,2014,4.23464584350586
Niger,NER,2015,4.61567354202271
Niger,NER,2016,5.16400718688965
Niger,NER,2017,5.00354433059692
Niger,NER,2019,5.07410001754761
Niger,NER,2020,5.00349998474121
Nigeria,NGA,2004,4.70974588394165
Nigeria,NGA,2005,4.89041948318481
Nigeria,NGA,2006,4.93856048583984
Nigeria,NGA,2007,4.98022031784058
Nigeria,NGA,2008,4.76027584075928
Nigeria,NGA,2010,5.49295425415039
Nigeria,NGA,2011,4.81786870956421
Nigeria,NGA,2013,4.93291473388672
Nigeria,NGA,2014,5.21956777572632
Nigeria,NGA,2015,5.32192802429199
Nigeria,NGA,2016,5.25228834152222
Nigeria,NGA,2017,4.3564190864563
Nigeria,NGA,2018,5.50294828414917
Nigeria,NGA,2019,4.75930023193359
Nigeria,NGA,2020,4.55200004577637
North Macedonia,MKD,2005,4.49359846115112
North Macedonia,MKD,2007,4.4280219078064
North Macedonia,MKD,2008,4.1802020072937
North Macedonia,MKD,2009,4.89818000793457
North Macedonia,MKD,2010,4.63964748382568
North Macedonia,MKD,2011,5.18619060516357
North Macedonia,MKD,2012,5.20382595062256
North Macedonia,MKD,2013,4.97558975219727
North Macedonia,MKD,2014,5.34574604034424
North Macedonia,MKD,2015,5.23386669158936
North Macedonia,MKD,2016,5.23983478546143
North Macedonia,MKD,2017,5.01548528671265
North Macedonia,MKD,2018,5.0536642074585
North Macedonia,MKD,2019,5.10120010375977
North Macedonia,MKD,2020,5.19899988174438
Northern Cyprus,OWID_CYN,2010,5.46330547332764
Northern Cyprus,OWID_CYN,2011,5.56680250167847
Northern Cyprus,OWID_CYN,2012,5.7859787940979
Northern Cyprus,OWID_CYN,2013,5.84255027770996
Northern Cyprus,OWID_CYN,2014,5.8271279335022
Northern Cyprus,OWID_CYN,2016,5.60805606842041
Northern Cyprus,OWID_CYN,2017,5.46661520004272
Northern Cyprus,OWID_CYN,2019,5.53550004959106
Northern Cyprus,OWID_CYN,2020,5.46659994125366
Norway,NOR,2004,7.41568231582642
Norway,NOR,2006,7.63228750228882
Norway,NOR,2010,7.67827701568604
Norway,NOR,2012,7.44447088241577
Norway,NOR,2013,7.60343360900879
Norway,NOR,2014,7.59633159637451
Norway,NOR,2015,7.57874488830566
Norway,NOR,2016,7.44426202774048
Norway,NOR,2017,7.44213962554932
Norway,NOR,2018,7.29003238677979
Norway,NOR,2019,7.39249992370605
Norway,NOR,2020,7.36509990692139
Oman,OMN,2009,6.85298204421997
Pakistan,PAK,2003,5.22465753555298
Pakistan,PAK,2005,5.67146062850952
Pakistan,PAK,2006,4.41391897201538
Pakistan,PAK,2007,5.20814657211304
Pakistan,PAK,2008,5.7861328125
Pakistan,PAK,2009,5.26718616485596
Pakistan,PAK,2010,5.13156509399414
Pakistan,PAK,2011,5.13808250427246
Pakistan,PAK,2012,5.43565797805786
Pakistan,PAK,2013,4.82319498062134
Pakistan,PAK,2014,5.54850816726685
Pakistan,PAK,2015,5.83087062835693
Pakistan,PAK,2016,5.47155380249023
Pakistan,PAK,2017,4.44271755218506
Pakistan,PAK,2019,4.93400001525879
Pakistan,PAK,2020,4.51579999923706
Palestine,PSE,2004,4.71638774871826
Palestine,PSE,2005,4.15105390548706
Palestine,PSE,2006,4.38560342788696
Palestine,PSE,2007,4.47019147872925
Palestine,PSE,2008,4.70260381698608
Palestine,PSE,2009,4.75121974945068
Palestine,PSE,2010,4.64660835266113
Palestine,PSE,2011,4.84402799606323
Palestine,PSE,2012,4.72193813323975
Palestine,PSE,2013,4.69523906707764
Palestine,PSE,2014,4.90661811828613
Palestine,PSE,2015,4.62813282012939
Palestine,PSE,2016,4.55392169952393
Palestine,PSE,2017,4.48253726959229
Palestine,PSE,2019,4.51669979095459
Palestine,PSE,2020,4.48250007629395
Panama,PAN,2004,6.12798833847046
Panama,PAN,2005,6.89413976669312
Panama,PAN,2006,6.93090343475342
Panama,PAN,2007,7.03374004364014
Panama,PAN,2008,7.32146739959717
Panama,PAN,2009,7.24808073043823
Panama,PAN,2010,6.85983562469482
Panama,PAN,2011,6.86648035049438
Panama,PAN,2012,6.63117122650146
Panama,PAN,2013,6.60555028915405
Panama,PAN,2014,6.1176381111145
Panama,PAN,2015,6.5676589012146
Panama,PAN,2016,6.28143405914307
Panama,PAN,2017,6.08595514297485
Panama,PAN,2019,6.17959976196289
Panama,PAN,2020,6.30910015106201
Paraguay,PRY,2004,4.7300820350647
Paraguay,PRY,2005,5.27246141433716
Paraguay,PRY,2006,5.57006168365479
Paraguay,PRY,2007,5.57614707946777
Paraguay,PRY,2008,5.84117412567139
Paraguay,PRY,2009,5.6770806312561
Paraguay,PRY,2010,5.82005834579468
Paraguay,PRY,2011,5.93624067306519
Paraguay,PRY,2012,5.11864185333252
Paraguay,PRY,2013,5.5597243309021
Paraguay,PRY,2014,5.8013801574707
Paraguay,PRY,2015,5.71329545974731
Paraguay,PRY,2017,5.6526255607605
Paraguay,PRY,2019,5.65259981155396
Paraguay,PRY,2020,5.57829999923706
Peru,PER,2004,4.81084537506104
Peru,PER,2005,5.21396207809448
Peru,PER,2006,5.12923097610474
Peru,PER,2007,5.51884698867798
Peru,PER,2008,5.61278533935547
Peru,PER,2009,5.89245748519897
Peru,PER,2010,5.82455730438232
Peru,PER,2011,5.78255748748779
Peru,PER,2012,5.86581563949585
Peru,PER,2013,5.57726335525513
Peru,PER,2014,5.70062875747681
Peru,PER,2015,5.71093654632568
Peru,PER,2016,5.6796612739563
Peru,PER,2017,5.99938154220581
Peru,PER,2019,5.83960008621216
Peru,PER,2020,5.55910015106201
Philippines,PHL,2004,4.66994571685791
Philippines,PHL,2005,5.07356214523315
Philippines,PHL,2006,4.58906507492065
Philippines,PHL,2007,4.87991094589233
Philippines,PHL,2008,4.94151401519775
Philippines,PHL,2009,4.99395656585693
Philippines,PHL,2010,5.00196504592896
Philippines,PHL,2011,4.97692537307739
Philippines,PHL,2012,5.31255006790161
Philippines,PHL,2013,5.54748916625977
Philippines,PHL,2014,5.430832862854
Philippines,PHL,2015,5.5942702293396
Philippines,PHL,2016,5.8691725730896
Philippines,PHL,2017,6.26774501800537
Philippines,PHL,2018,5.07958507537842
Philippines,PHL,2019,5.88019990921021
Philippines,PHL,2020,5.90360021591187
Poland,POL,2003,5.58720922470093
Poland,POL,2005,5.88613748550415
Poland,POL,2007,5.77202749252319
Poland,POL,2008,5.88702964782715
Poland,POL,2009,5.64620494842529
Poland,POL,2010,5.87593173980713
Poland,POL,2011,5.74613189697266
Poland,POL,2012,5.75028228759766
Poland,POL,2013,6.0070219039917
Poland,POL,2014,6.16207647323608
Poland,POL,2015,6.20126819610596
Poland,POL,2016,6.11148500442505
Poland,POL,2017,6.24209403991699
Poland,POL,2018,6.13945531845093
Poland,POL,2019,6.166100025177
Poland,POL,2020,6.12279987335205
Portugal,PRT,2004,5.40524625778198
Portugal,PRT,2006,5.71696662902832
Portugal,PRT,2008,5.0945258140564
Portugal,PRT,2009,5.21999788284302
Portugal,PRT,2010,4.99396228790283
Portugal,PRT,2011,5.15768814086914
Portugal,PRT,2012,5.12691164016724
Portugal,PRT,2013,5.08086633682251
Portugal,PRT,2014,5.44663715362549
Portugal,PRT,2015,5.71149921417236
Portugal,PRT,2016,5.91982269287109
Portugal,PRT,2017,6.09547328948975
Portugal,PRT,2018,5.76779222488403
Portugal,PRT,2019,5.92899990081787
Portugal,PRT,2020,6.01630020141602
Qatar,QAT,2007,6.41782426834106
Qatar,QAT,2008,6.8496527671814
Qatar,QAT,2009,6.59160423278809
Qatar,QAT,2010,6.61129856109619
Qatar,QAT,2013,6.37452936172485
Romania,ROU,2003,5.04864835739136
Romania,ROU,2005,5.39372396469116
Romania,ROU,2007,5.3675651550293
Romania,ROU,2008,4.90916585922241
Romania,ROU,2009,5.0227575302124
Romania,ROU,2010,5.16687488555908
Romania,ROU,2011,5.08158445358276
Romania,ROU,2012,5.72689342498779
Romania,ROU,2013,5.77749109268188
Romania,ROU,2014,5.96887063980103
Romania,ROU,2015,6.08990478515625
Romania,ROU,2016,6.15087890625
Romania,ROU,2017,6.12994241714478
Romania,ROU,2019,6.1399998664856
Romania,ROU,2020,6.47700023651123
Russia,RUS,2004,4.96374273300171
Russia,RUS,2005,5.22286748886108
Russia,RUS,2006,5.6187539100647
Russia,RUS,2007,5.15822792053223
Russia,RUS,2008,5.38477325439453
Russia,RUS,2009,5.38876628875732
Russia,RUS,2010,5.62073564529419
Russia,RUS,2011,5.53717756271362
Russia,RUS,2012,6.03697681427002
Russia,RUS,2013,5.99553871154785
Russia,RUS,2014,5.85494565963745
Russia,RUS,2015,5.57874298095703
Russia,RUS,2016,5.51350021362305
Russia,RUS,2017,5.44052362442017
Russia,RUS,2018,5.49528884887695
Russia,RUS,2019,5.47720003128052
Russia,RUS,2020,5.45860004425049
Rwanda,RWA,2004,4.21470355987549
Rwanda,RWA,2006,4.36298894882202
Rwanda,RWA,2007,4.02976179122925
Rwanda,RWA,2009,4.09743595123291
Rwanda,RWA,2010,3.33304786682129
Rwanda,RWA,2011,3.46638774871826
Rwanda,RWA,2012,3.59567832946777
Rwanda,RWA,2013,3.48310899734497
Rwanda,RWA,2014,3.33298993110657
Rwanda,RWA,2015,3.10837388038635
Rwanda,RWA,2016,3.5610466003418
Rwanda,RWA,2017,3.26815223693848
Rwanda,RWA,2019,3.41470003128052
Rwanda,RWA,2020,3.2681999206543
Saudi Arabia,SAU,2003,7.07964420318604
Saudi Arabia,SAU,2005,7.26669406890869
Saudi Arabia,SAU,2006,6.81137037277222
Saudi Arabia,SAU,2007,6.14759016036987
Saudi Arabia,SAU,2008,6.30709838867188
Saudi Arabia,SAU,2009,6.69978952407837
Saudi Arabia,SAU,2010,6.39635944366455
Saudi Arabia,SAU,2011,6.49513292312622
Saudi Arabia,SAU,2012,6.27837800979614
Saudi Arabia,SAU,2013,6.34549188613892
Saudi Arabia,SAU,2014,6.47392129898071
Saudi Arabia,SAU,2015,6.29428243637085
Saudi Arabia,SAU,2016,6.35639333724976
Saudi Arabia,SAU,2017,6.5612473487854
Saudi Arabia,SAU,2018,6.55958843231201
Saudi Arabia,SAU,2019,6.49399995803833
Saudi Arabia,SAU,2020,6.52279996871948
Senegal,SEN,2004,4.4173526763916
Senegal,SEN,2005,4.67998695373535
Senegal,SEN,2006,4.68349981307983
Senegal,SEN,2007,4.33511400222778
Senegal,SEN,2008,4.37215614318848
Senegal,SEN,2009,3.83420157432556
Senegal,SEN,2010,3.66873693466187
Senegal,SEN,2011,3.64736700057983
Senegal,SEN,2012,4.39477729797363
Senegal,SEN,2013,4.61700057983398
Senegal,SEN,2014,4.59453392028809
Senegal,SEN,2015,4.68302488327026
Senegal,SEN,2016,4.7693772315979
Senegal,SEN,2017,5.48873662948608
Senegal,SEN,2019,5.13180017471313
Senegal,SEN,2020,5.04610013961792
Serbia,SRB,2005,4.75038385391235
Serbia,SRB,2007,4.38031196594238
Serbia,SRB,2008,4.46130418777466
Serbia,SRB,2009,4.81518650054932
Serbia,SRB,2010,5.15452194213867
Serbia,SRB,2011,5.10184049606323
Serbia,SRB,2012,5.11272859573364
Serbia,SRB,2013,5.3176851272583
Serbia,SRB,2014,5.75275468826294
Serbia,SRB,2015,5.12203121185303
Serbia,SRB,2016,5.93649339675903
Serbia,SRB,2017,6.24140739440918
Serbia,SRB,2018,6.04154634475708
Serbia,SRB,2019,6.07789993286133
Serbia,SRB,2020,6.17799997329712
Sierra Leone,SLE,2004,3.62818503379822
Sierra Leone,SLE,2005,3.58512735366821
Sierra Leone,SLE,2006,2.99725103378296
Sierra Leone,SLE,2008,4.13395595550537
Sierra Leone,SLE,2009,4.50164365768433
Sierra Leone,SLE,2011,4.51429128646851
Sierra Leone,SLE,2012,4.49997043609619
Sierra Leone,SLE,2013,4.90861797332764
Sierra Leone,SLE,2014,4.73295307159424
Sierra Leone,SLE,2015,4.08956241607666
Sierra Leone,SLE,2016,4.30568313598633
Sierra Leone,SLE,2017,3.44738149642944
Sierra Leone,SLE,2019,3.84940004348755
Sierra Leone,SLE,2020,3.57399988174438
Singapore,SGP,2004,6.46270275115967
Singapore,SGP,2005,6.83375453948975
Singapore,SGP,2006,6.64195680618286
Singapore,SGP,2007,6.14467668533325
Singapore,SGP,2008,6.53140163421631
Singapore,SGP,2009,6.56104183197021
Singapore,SGP,2011,6.53320693969727
Singapore,SGP,2012,7.06236457824707
Singapore,SGP,2013,6.61952495574951
Singapore,SGP,2014,6.03348064422607
Singapore,SGP,2015,6.37843799591064
Singapore,SGP,2016,6.3745641708374
Singapore,SGP,2017,6.3783597946167
Singapore,SGP,2019,6.37650012969971
Singapore,SGP,2020,6.48019981384277
Slovakia,SVK,2004,5.26467657089233
Slovakia,SVK,2008,6.05222320556641
Slovakia,SVK,2009,5.94504833221436
Slovakia,SVK,2010,5.91105937957764
Slovakia,SVK,2011,5.93652725219727
Slovakia,SVK,2012,6.13887310028076
Slovakia,SVK,2013,6.1620044708252
Slovakia,SVK,2014,5.99316310882568
Slovakia,SVK,2015,6.36550903320312
Slovakia,SVK,2016,6.23511075973511
Slovakia,SVK,2017,6.2434287071228
Slovakia,SVK,2018,6.51909828186035
Slovakia,SVK,2019,6.33090019226074
Slovakia,SVK,2020,6.39069986343384
Slovenia,SVN,2004,5.8112645149231
Slovenia,SVN,2007,5.83016061782837
Slovenia,SVN,2008,6.08255529403687
Slovenia,SVN,2009,6.035964012146
Slovenia,SVN,2010,6.06289100646973
Slovenia,SVN,2011,5.97488880157471
Slovenia,SVN,2012,5.67839527130127
Slovenia,SVN,2013,5.74064207077026
Slovenia,SVN,2014,5.93682146072388
Slovenia,SVN,2015,6.16683769226074
Slovenia,SVN,2016,6.24941921234131
Slovenia,SVN,2017,6.66527366638184
Slovenia,SVN,2018,6.46207618713379
Slovenia,SVN,2019,6.46070003509521
Slovenia,SVN,2020,6.63009977340698
Somalia,SOM,2012,5.52827262878418
Somalia,SOM,2013,5.35364484786987
Somalia,SOM,2014,4.66794109344482
Somaliland region,,2007,4.99139976501465
Somaliland region,,2008,4.6573634147644
Somaliland region,,2009,4.93057155609131
Somaliland region,,2010,5.05731439590454
South Africa,ZAF,2004,5.08398675918579
South Africa,ZAF,2005,5.20445442199707
South Africa,ZAF,2006,5.34630680084229
South Africa,ZAF,2007,5.21843099594116
South Africa,ZAF,2008,4.65242862701416
South Africa,ZAF,2009,4.93051147460938
South Africa,ZAF,2010,5.13388776779175
South Africa,ZAF,2011,3.66072726249695
South Africa,ZAF,2012,4.82845640182495
South Africa,ZAF,2013,4.88732576370239
South Africa,ZAF,2014,4.76973962783813
South Africa,ZAF,2015,4.51365518569946
South Africa,ZAF,2016,4.88392210006714
South Africa,ZAF,2017,5.03486347198486
South Africa,ZAF,2018,4.94680070877075
South Africa,ZAF,2019,4.95639991760254
South Africa,ZAF,2020,5.1939001083374
South Korea,KOR,2004,5.33217763900757
South Korea,KOR,2005,5.7672758102417
South Korea,KOR,2006,5.38962459564209
South Korea,KOR,2007,5.64768981933594
South Korea,KOR,2008,6.11602449417114
South Korea,KOR,2009,6.94659900665283
South Korea,KOR,2010,6.00328683853149
South Korea,KOR,2011,5.9588098526001
South Korea,KOR,2012,5.80132532119751
South Korea,KOR,2013,5.78021144866943
South Korea,KOR,2014,5.97056436538696
South Korea,KOR,2015,5.87388706207275
South Korea,KOR,2016,5.84023141860962
South Korea,KOR,2017,5.90281677246094
South Korea,KOR,2018,5.79269552230835
South Korea,KOR,2019,5.84549999237061
South Korea,KOR,2020,5.93510007858276
South Sudan,SSD,2012,3.83199238777161
South Sudan,SSD,2013,4.07077121734619
South Sudan,SSD,2014,2.88811230659485
South Sudan,SSD,2015,2.81662249565125
Spain,ESP,2003,7.15278577804565
Spain,ESP,2005,6.99461460113525
Spain,ESP,2006,7.29447269439697
Spain,ESP,2007,6.19860124588013
Spain,ESP,2008,6.18826246261597
Spain,ESP,2009,6.51824903488159
Spain,ESP,2010,6.29069042205811
Spain,ESP,2011,6.15002727508545
Spain,ESP,2012,6.45647764205933
Spain,ESP,2013,6.38066339492798
Spain,ESP,2014,6.31861209869385
Spain,ESP,2015,6.23017311096191
Spain,ESP,2016,6.51337099075317
Spain,ESP,2017,6.45744943618774
Spain,ESP,2018,6.50217533111572
Spain,ESP,2019,6.49069976806641
Spain,ESP,2020,6.47629976272583
Sri Lanka,LKA,2004,4.34461069107056
Sri Lanka,LKA,2005,4.41480541229248
Sri Lanka,LKA,2006,4.43084621429443
Sri Lanka,LKA,2007,4.21202659606934
Sri Lanka,LKA,2008,3.97690510749817
Sri Lanka,LKA,2009,4.18056917190552
Sri Lanka,LKA,2010,4.22459316253662
Sri Lanka,LKA,2011,4.36469411849976
Sri Lanka,LKA,2012,4.2679328918457
Sri Lanka,LKA,2013,4.61160659790039
Sri Lanka,LKA,2015,4.33094549179077
Sri Lanka,LKA,2016,4.43502378463745
Sri Lanka,LKA,2017,4.21329927444458
Sri Lanka,LKA,2019,4.32499980926514
Sri Lanka,LKA,2020,4.3621997833252
Sudan,SDN,2007,4.45491743087769
Sudan,SDN,2008,4.43515968322754
Sudan,SDN,2009,4.31445646286011
Sudan,SDN,2010,4.5504994392395
Sudan,SDN,2012,4.13867282867432
Suriname,SUR,2010,6.26928663253784
Sweden,SWE,2003,7.37631559371948
Sweden,SWE,2005,7.24136257171631
Sweden,SWE,2006,7.51599740982056
Sweden,SWE,2007,7.26597738265991
Sweden,SWE,2008,7.49601888656616
Sweden,SWE,2009,7.38223218917847
Sweden,SWE,2010,7.56014776229858
Sweden,SWE,2011,7.43401050567627
Sweden,SWE,2012,7.23914766311646
Sweden,SWE,2013,7.28892230987549
Sweden,SWE,2014,7.36874437332153
Sweden,SWE,2015,7.28680467605591
Sweden,SWE,2016,7.37479209899902
Sweden,SWE,2017,7.39809274673462
Sweden,SWE,2018,7.31434106826782
Sweden,SWE,2019,7.36269998550415
Sweden,SWE,2020,7.38430023193359
Switzerland,CHE,2004,7.47325277328491
Switzerland,CHE,2007,7.52452087402344
Switzerland,CHE,2010,7.77620887756348
Switzerland,CHE,2012,7.4928035736084
Switzerland,CHE,2013,7.57213687896729
Switzerland,CHE,2014,7.45851993560791
Switzerland,CHE,2015,7.47359323501587
Switzerland,CHE,2016,7.50858688354492
Switzerland,CHE,2017,7.69422101974487
Switzerland,CHE,2018,7.50843524932861
Switzerland,CHE,2019,7.57149982452393
Switzerland,CHE,2020,7.51160001754761
Syria,SYR,2006,5.3233323097229
Syria,SYR,2007,4.97897052764893
Syria,SYR,2008,4.46470785140991
Syria,SYR,2009,4.03788948059082
Syria,SYR,2010,3.16449117660522
Syria,SYR,2011,2.68755292892456
Syria,SYR,2013,3.4619128704071
Taiwan,TWN,2004,6.18905019760132
Taiwan,TWN,2006,5.54768228530884
Taiwan,TWN,2008,6.22853088378906
Taiwan,TWN,2009,6.30891513824463
Taiwan,TWN,2010,6.12591695785522
Taiwan,TWN,2011,6.34034442901611
Taiwan,TWN,2012,6.36349678039551
Taiwan,TWN,2013,6.4500880241394
Taiwan,TWN,2014,6.51285076141357
Taiwan,TWN,2015,6.35945081710815
Taiwan,TWN,2016,6.46700477600098
Taiwan,TWN,2017,6.53708982467651
Taiwan,TWN,2018,6.75106763839722
Taiwan,TWN,2019,6.58440017700195
Taiwan,TWN,2020,6.51249980926514
Tajikistan,TJK,2004,4.61309909820557
Tajikistan,TJK,2005,4.4316086769104
Tajikistan,TJK,2006,5.06398677825928
Tajikistan,TJK,2007,4.5751748085022
Tajikistan,TJK,2008,4.38063621520996
Tajikistan,TJK,2009,4.26267147064209
Tajikistan,TJK,2010,4.49657154083252
Tajikistan,TJK,2011,4.96652126312256
Tajikistan,TJK,2012,4.89615774154663
Tajikistan,TJK,2013,5.12421083450317
Tajikistan,TJK,2014,5.10372114181519
Tajikistan,TJK,2015,5.82923412322998
Tajikistan,TJK,2016,5.49746894836426
Tajikistan,TJK,2017,5.4640154838562
Tajikistan,TJK,2018,5.37339878082275
Tajikistan,TJK,2019,5.46619987487793
Tajikistan,TJK,2020,5.37709999084473
Tanzania,TZA,2004,3.9224841594696
Tanzania,TZA,2005,4.3179497718811
Tanzania,TZA,2006,4.38474178314209
Tanzania,TZA,2007,3.40750789642334
Tanzania,TZA,2008,3.22912907600403
Tanzania,TZA,2009,4.07356214523315
Tanzania,TZA,2010,4.00689744949341
Tanzania,TZA,2011,3.85239481925964
Tanzania,TZA,2012,3.48327851295471
Tanzania,TZA,2013,3.66059732437134
Tanzania,TZA,2014,2.90273427963257
Tanzania,TZA,2015,3.3471212387085
Tanzania,TZA,2016,3.44502329826355
Tanzania,TZA,2017,3.64015483856201
Tanzania,TZA,2018,3.78568410873413
Tanzania,TZA,2019,3.62319993972778
Tanzania,TZA,2020,3.70239996910095
Thailand,THA,2004,5.88543272018433
Thailand,THA,2005,5.78389120101929
Thailand,THA,2006,5.63647127151489
Thailand,THA,2007,5.47564506530762
Thailand,THA,2008,6.21670293807983
Thailand,THA,2009,6.66360902786255
Thailand,THA,2010,6.30023527145386
Thailand,THA,2011,6.23102474212646
Thailand,THA,2012,6.98546361923218
Thailand,THA,2013,6.20176267623901
Thailand,THA,2014,6.07363986968994
Thailand,THA,2015,5.9388952255249
Thailand,THA,2016,6.01156187057495
Thailand,THA,2017,6.02215147018433
Thailand,THA,2018,5.88454437255859
Thailand,THA,2019,5.98470020294189
Thailand,THA,2020,5.89120006561279
Togo,TGO,2004,3.20242929458618
Togo,TGO,2006,2.80785512924194
Togo,TGO,2009,2.93622088432312
Togo,TGO,2012,2.83895874023438
Togo,TGO,2013,3.76830196380615
Togo,TGO,2014,3.87857842445374
Togo,TGO,2015,4.36080503463745
Togo,TGO,2016,4.02289485931396
Togo,TGO,2017,4.17949390411377
Togo,TGO,2019,4.1068000793457
Togo,TGO,2020,4.11229991912842
Trinidad and Tobago,TTO,2004,5.83218860626221
Trinidad and Tobago,TTO,2006,6.69644403457642
Trinidad and Tobago,TTO,2009,6.51874589920044
Trinidad and Tobago,TTO,2011,6.16770696640015
Trinidad and Tobago,TTO,2015,6.19185972213745
Tunisia,TUN,2007,5.02547025680542
Tunisia,TUN,2008,5.13052082061768
Tunisia,TUN,2009,4.8764820098877
Tunisia,TUN,2010,4.46353101730347
Tunisia,TUN,2011,5.24560499191284
Tunisia,TUN,2012,4.76359462738037
Tunisia,TUN,2013,5.13161182403564
Tunisia,TUN,2014,4.52145338058472
Tunisia,TUN,2015,4.124342918396
Tunisia,TUN,2016,4.7411322593689
Tunisia,TUN,2017,4.31547975540161
Tunisia,TUN,2018,4.73081111907959
Tunisia,TUN,2019,4.59649991989136
Tunisia,TUN,2020,4.51599979400635
Turkey,TUR,2003,4.71873378753662
Turkey,TUR,2005,5.62347173690796
Turkey,TUR,2006,5.11823177337646
Turkey,TUR,2007,5.21284151077271
Turkey,TUR,2008,5.49034738540649
Turkey,TUR,2009,5.27194404602051
Turkey,TUR,2010,5.3090763092041
Turkey,TUR,2011,4.88817739486694
Turkey,TUR,2012,5.57979440689087
Turkey,TUR,2013,5.51446533203125
Turkey,TUR,2014,5.32622194290161
Turkey,TUR,2015,5.607262134552
Turkey,TUR,2016,5.1856894493103
Turkey,TUR,2017,4.87207365036011
Turkey,TUR,2018,4.86155414581299
Turkey,TUR,2019,4.9475998878479
Turkey,TUR,2020,4.74420022964478
Turkmenistan,TKM,2007,6.56771326065063
Turkmenistan,TKM,2009,5.79175472259521
Turkmenistan,TKM,2010,5.46382713317871
Turkmenistan,TKM,2011,5.39176273345947
Turkmenistan,TKM,2012,5.78737926483154
Turkmenistan,TKM,2013,5.79146003723145
Turkmenistan,TKM,2014,5.88705158233643
Turkmenistan,TKM,2015,5.22914886474609
Turkmenistan,TKM,2016,4.62060165405273
Turkmenistan,TKM,2017,5.47429990768433
Turkmenistan,TKM,2019,5.06640005111694
Turkmenistan,TKM,2020,5.47429990768433
Uganda,UGA,2004,3.73358392715454
Uganda,UGA,2005,4.45583868026733
Uganda,UGA,2006,4.56861925125122
Uganda,UGA,2007,4.61198568344116
Uganda,UGA,2008,4.19288206100464
Uganda,UGA,2009,4.82600116729736
Uganda,UGA,2010,4.30923795700073
Uganda,UGA,2011,3.7095787525177
Uganda,UGA,2012,3.7699191570282
Uganda,UGA,2013,4.23768663406372
Uganda,UGA,2014,4.23326110839844
Uganda,UGA,2015,4.00051689147949
Uganda,UGA,2016,4.32171487808228
Uganda,UGA,2017,4.94805145263672
Uganda,UGA,2018,4.64090967178345
Uganda,UGA,2019,4.63649988174438
Uganda,UGA,2020,4.60260009765625
Ukraine,UKR,2004,4.80395412445068
Ukraine,UKR,2005,5.25218152999878
Ukraine,UKR,2006,5.1723804473877
Ukraine,UKR,2007,5.16563940048218
Ukraine,UKR,2008,5.05756139755249
Ukraine,UKR,2009,5.08313274383545
Ukraine,UKR,2010,5.03034210205078
Ukraine,UKR,2011,4.71080255508423
Ukraine,UKR,2012,4.29732990264893
Ukraine,UKR,2013,3.96454286575317
Ukraine,UKR,2014,4.02869033813477
Ukraine,UKR,2015,4.3110671043396
Ukraine,UKR,2016,4.66190910339355
Ukraine,UKR,2017,4.70176219940186
Ukraine,UKR,2018,5.26967573165894
Ukraine,UKR,2019,4.87480020523071
Ukraine,UKR,2020,5.08409976959229
United Arab Emirates,ARE,2004,6.73422193527222
United Arab Emirates,ARE,2007,6.8660626411438
United Arab Emirates,ARE,2008,7.0974555015564
United Arab Emirates,ARE,2009,7.11870145797729
United Arab Emirates,ARE,2010,7.21776676177979
United Arab Emirates,ARE,2011,6.6209511756897
United Arab Emirates,ARE,2012,6.53985452651978
United Arab Emirates,ARE,2013,6.56839752197266
United Arab Emirates,ARE,2014,6.83095026016235
United Arab Emirates,ARE,2015,7.03941965103149
United Arab Emirates,ARE,2016,6.60374355316162
United Arab Emirates,ARE,2017,6.71078252792358
United Arab Emirates,ARE,2018,6.45839214324951
United Arab Emirates,ARE,2019,6.5605001449585
United Arab Emirates,ARE,2020,6.57600021362305
United Kingdom,GBR,2003,6.98355674743652
United Kingdom,GBR,2005,6.80193090438843
United Kingdom,GBR,2006,6.98646354675293
United Kingdom,GBR,2007,6.90654706954956
United Kingdom,GBR,2008,7.02936410903931
United Kingdom,GBR,2009,6.86924886703491
United Kingdom,GBR,2010,6.880784034729
United Kingdom,GBR,2011,6.91805505752563
United Kingdom,GBR,2012,6.75814771652222
United Kingdom,GBR,2013,6.51544523239136
United Kingdom,GBR,2014,6.82428359985352
United Kingdom,GBR,2015,7.10327339172363
United Kingdom,GBR,2016,7.2334451675415
United Kingdom,GBR,2017,7.157151222229
United Kingdom,GBR,2018,6.79817724227905
United Kingdom,GBR,2019,7.06360006332397
United Kingdom,GBR,2020,6.94250011444092
United States,USA,2004,7.18179368972778
United States,USA,2005,7.51268768310547
United States,USA,2006,7.28038597106934
United States,USA,2007,7.15803241729736
United States,USA,2008,7.16361618041992
United States,USA,2009,7.1151385307312
United States,USA,2010,7.02622699737549
United States,USA,2011,7.24928522109985
United States,USA,2012,7.15111446380615
United States,USA,2013,6.86394691467285
United States,USA,2014,6.80359983444214
United States,USA,2015,6.99175930023193
United States,USA,2016,6.8826847076416
United States,USA,2017,6.94370126724243
United States,USA,2018,7.02808809280396
United States,USA,2019,6.95149993896484
United States,USA,2020,6.97679996490479
Uruguay,URY,2004,5.7858681678772
Uruguay,URY,2005,5.69394588470459
Uruguay,URY,2006,5.66386985778809
Uruguay,URY,2007,6.29622268676758
Uruguay,URY,2008,6.06201076507568
Uruguay,URY,2009,6.55404710769653
Uruguay,URY,2010,6.44972848892212
Uruguay,URY,2011,6.44446468353271
Uruguay,URY,2012,6.56144380569458
Uruguay,URY,2013,6.62808036804199
Uruguay,URY,2014,6.17148542404175
Uruguay,URY,2015,6.33600997924805
Uruguay,URY,2016,6.37171459197998
Uruguay,URY,2017,6.60033702850342
Uruguay,URY,2018,6.30968141555786
Uruguay,URY,2019,6.43139982223511
Uruguay,URY,2020,6.47359991073608
Uzbekistan,UZB,2004,5.23232221603394
Uzbekistan,UZB,2006,5.31136846542358
Uzbekistan,UZB,2007,5.26072072982788
Uzbekistan,UZB,2008,5.09534215927124
Uzbekistan,UZB,2009,5.73874425888062
Uzbekistan,UZB,2010,6.01933193206787
Uzbekistan,UZB,2011,5.93998622894287
Uzbekistan,UZB,2012,6.04921245574951
Uzbekistan,UZB,2013,5.97236442565918
Uzbekistan,UZB,2014,5.89253902435303
Uzbekistan,UZB,2015,6.42144775390625
Uzbekistan,UZB,2016,6.20546007156372
Uzbekistan,UZB,2017,6.15404939651489
Uzbekistan,UZB,2019,6.17880010604858
Uzbekistan,UZB,2020,6.06269979476929
Venezuela,VEN,2003,7.16962099075317
Venezuela,VEN,2004,6.52514600753784
Venezuela,VEN,2006,6.25777149200439
Venezuela,VEN,2007,7.18880319595337
Venezuela,VEN,2008,7.47845458984375
Venezuela,VEN,2009,6.57978916168213
Venezuela,VEN,2010,7.06657743453979
Venezuela,VEN,2011,6.55279636383057
Venezuela,VEN,2012,6.13609647750854
Venezuela,VEN,2013,5.56880044937134
Venezuela,VEN,2014,4.04111480712891
Venezuela,VEN,2015,5.07075071334839
Venezuela,VEN,2016,5.00566339492798
Venezuela,VEN,2017,5.08080339431763
Venezuela,VEN,2018,4.57382965087891
Venezuela,VEN,2019,4.89219999313354
Venezuela,VEN,2020,4.92549991607666
Vietnam,VNM,2004,5.29365968704224
Vietnam,VNM,2005,5.42168760299683
Vietnam,VNM,2006,5.4804253578186
Vietnam,VNM,2007,5.30426454544067
Vietnam,VNM,2008,5.29578065872192
Vietnam,VNM,2009,5.76734447479248
Vietnam,VNM,2010,5.53456974029541
Vietnam,VNM,2011,5.02269887924194
Vietnam,VNM,2012,5.0849232673645
Vietnam,VNM,2013,5.07631540298462
Vietnam,VNM,2014,5.0622673034668
Vietnam,VNM,2015,5.17527866363525
Vietnam,VNM,2016,5.2955470085144
Vietnam,VNM,2017,5.46745109558105
Vietnam,VNM,2019,5.41079998016357
Vietnam,VNM,2020,5.4850001335144
Yemen,YEM,2005,4.47713279724121
Yemen,YEM,2007,4.80925893783569
Yemen,YEM,2008,4.35031270980835
Yemen,YEM,2009,3.74625563621521
Yemen,YEM,2010,4.06060075759888
Yemen,YEM,2011,4.21767854690552
Yemen,YEM,2012,3.96795797348022
Yemen,YEM,2013,2.98267388343811
Yemen,YEM,2014,3.82563090324402
Yemen,YEM,2015,3.25356006622314
Yemen,YEM,2016,3.05751395225525
Yemen,YEM,2017,4.19691276550293
Yemen,YEM,2019,3.65790009498596
Yemen,YEM,2020,4.19689989089966
Zambia,ZMB,2004,4.82445478439331
Zambia,ZMB,2005,3.99829316139221
Zambia,ZMB,2006,4.73026323318481
Zambia,ZMB,2007,5.26036071777344
Zambia,ZMB,2009,4.9991135597229
Zambia,ZMB,2010,5.01337480545044
Zambia,ZMB,2011,5.24399566650391
Zambia,ZMB,2012,4.34583711624146
Zambia,ZMB,2013,4.84316444396973
Zambia,ZMB,2014,4.34754371643066
Zambia,ZMB,2015,3.93277740478516
Zambia,ZMB,2016,4.04148817062378
Zambia,ZMB,2017,3.30679655075073
Zambia,ZMB,2018,4.8379921913147
Zambia,ZMB,2019,4.07340002059937
Zambia,ZMB,2020,3.75979995727539
Zimbabwe,ZWE,2004,3.82626843452454
Zimbabwe,ZWE,2005,3.28024673461914
Zimbabwe,ZWE,2006,3.17426371574402
Zimbabwe,ZWE,2007,4.05591440200806
Zimbabwe,ZWE,2008,4.68156957626343
Zimbabwe,ZWE,2009,4.84564161300659
Zimbabwe,ZWE,2010,4.95510053634644
Zimbabwe,ZWE,2011,4.69018793106079
Zimbabwe,ZWE,2012,4.18445062637329
Zimbabwe,ZWE,2013,3.70319128036499
Zimbabwe,ZWE,2014,3.73540019989014
Zimbabwe,ZWE,2015,3.63830018043518
Zimbabwe,ZWE,2016,3.61647987365723
Zimbabwe,ZWE,2017,2.69352316856384
Zimbabwe,ZWE,2018,3.15980219841003
Zimbabwe,ZWE,2019,3.14479994773865
Zimbabwe,ZWE,2020,2.9951000213623